Function,Expression,Unit,,,,,,,,,,,,,,,,,,,,,,,,,
F01:,UMN(E1),V,,,,,,,,,,,,,,,,,,,,,,,,,
F02:,UMN(E2),V,,,,,,,,,,,,,,,,,,,,,,,,,
F03:,UMN(E3),V,,,,,,,,,,,,,,,,,,,,,,,,,
F04:,UMN(E4),V,,,,,,,,,,,,,,,,,,,,,,,,,
F05:,"U(E1,ORT)",V,,,,,,,,,,,,,,,,,,,,,,,,,
F06:,"I(E1,ORT)",A,,,,,,,,,,,,,,,,,,,,,,,,,
F07:,"U(E1,ORT)",V,,,,,,,,,,,,,,,,,,,,,,,,,
F08:,"I(E1,ORT)",A,,,,,,,,,,,,,,,,,,,,,,,,,
F09:,"U(E1,ORT)",V,,,,,,,,,,,,,,,,,,,,,,,,,
F10:,"I(E1,ORT)",A,,,,,,,,,,,,,,,,,,,,,,,,,
F11:,"U(E1,ORT)",V,,,,,,,,,,,,,,,,,,,,,,,,,
F12:,"I(E1,ORT)",A,,,,,,,,,,,,,,,,,,,,,,,,,
F13:,"U(E1,ORT)",V,,,,,,,,,,,,,,,,,,,,,,,,,
F14:,"I(E1,ORT)",A,,,,,,,,,,,,,,,,,,,,,,,,,
F15:,"U(E1,ORT)",V,,,,,,,,,,,,,,,,,,,,,,,,,
F16:,"I(E1,ORT)",A,,,,,,,,,,,,,,,,,,,,,,,,,
F17:,"U(E1,ORT)",V,,,,,,,,,,,,,,,,,,,,,,,,,
F18:,"I(E1,ORT)",A,,,,,,,,,,,,,,,,,,,,,,,,,
F19:,"U(E1,ORT)",V,,,,,,,,,,,,,,,,,,,,,,,,,
F20:,"I(E1,ORT)",A,,,,,,,,,,,,,,,,,,,,,,,,,
Store No.,Date,Time,Millisecond,U-1-Total,I-1-Total,P-1-Total,S-1-Total,Q-1-Total,PF-1-Total,Phi-1-Total,FreqU-1-Total,FreqI-1-Total,Uppeak-1-Total,Umpeak-1-Total,Ippeak-1-Total,Impeak-1-Total,CfU-1-Total,CfI-1-Total,U-2-Total,I-2-Total,P-2-Total,S-2-Total,Q-2-Total,PF-2-Total,Phi-2-Total,FreqU-2-Total,FreqI-2-Total
1,  2022/04/15,14:18:15,180.00,120.23,4.03,484.60,484.90,-15.10,1.00,-1.79,60.00,   Error ,NAN,NAN,NAN,NAN,NAN,NAN,120.16,3.99,478.90,479.30,-19.70,1.00,-2.35,60.00,   Error 
2,  2022/04/15,14:18:15,688.00,120.20,4.05,487.00,487.20,-15.40,1.00,-1.81,60.00,   Error ,NAN,NAN,NAN,NAN,NAN,NAN,120.20,3.98,477.80,478.20,-19.90,1.00,-2.39,60.00,   Error 
3,  2022/04/15,14:18:16,189.00,120.24,4.05,486.30,486.60,-16.90,1.00,-1.99,60.00,   Error ,NAN,NAN,NAN,NAN,NAN,NAN,120.21,3.99,478.60,479.00,-19.90,1.00,-2.38,60.00,   Error 
4,  2022/04/15,14:18:16,688.00,120.21,4.04,484.80,485.10,-15.90,1.00,-1.88,60.00,   Error ,NAN,NAN,NAN,NAN,NAN,NAN,120.17,3.97,477.10,477.50,-19.80,1.00,-2.37,60.00,   Error 
5,  2022/04/15,14:18:17,188.00,120.24,4.04,485.90,486.20,-16.40,1.00,-1.94,60.00,   Error ,NAN,NAN,NAN,NAN,NAN,NAN,120.18,3.97,476.90,477.40,-21.90,1.00,-2.63,60.00,   Error 
6,  2022/04/15,14:18:17,688.00,120.22,4.05,486.20,486.40,-14.50,1.00,-1.71,60.00,   Error ,NAN,NAN,NAN,NAN,NAN,NAN,120.16,3.99,478.70,479.20,-20.00,1.00,-2.39,60.00,   Error 
7,  2022/04/15,14:18:18,188.00,120.24,4.05,486.50,486.70,-15.50,1.00,-1.82,60.00,   Error ,NAN,NAN,NAN,NAN,NAN,NAN,120.22,4.00,480.00,480.40,-20.10,1.00,-2.40,60.00,   Error 
8,  2022/04/15,14:18:18,688.00,120.23,4.06,487.70,487.90,-16.00,1.00,-1.88,60.00,   Error ,NAN,NAN,NAN,NAN,NAN,NAN,120.18,3.96,475.60,476.00,-19.20,1.00,-2.31,60.00,   Error 
9,  2022/04/15,14:18:19,188.00,120.21,4.06,487.10,487.40,-16.80,1.00,-1.97,60.00,   Error ,NAN,NAN,NAN,NAN,NAN,NAN,120.15,3.97,477.10,477.50,-18.60,1.00,-2.24,60.00,   Error 
10,  2022/04/15,14:18:19,690.00,120.22,4.06,487.60,487.90,-16.10,1.00,-1.89,60.00,   Error ,NAN,NAN,NAN,NAN,NAN,NAN,120.24,3.98,477.50,478.00,-21.30,1.00,-2.56,60.00,   Error 
11,  2022/04/15,14:18:20,189.00,120.23,4.04,485.90,486.20,-15.30,1.00,-1.80,60.00,   Error ,NAN,NAN,NAN,NAN,NAN,NAN,120.22,3.98,477.40,477.90,-19.90,1.00,-2.39,60.00,   Error 
12,  2022/04/15,14:18:20,688.00,120.23,4.05,486.60,486.90,-15.30,1.00,-1.80,60.00,   Error ,NAN,NAN,NAN,NAN,NAN,NAN,120.14,3.98,477.60,478.00,-20.00,1.00,-2.40,60.00,   Error 
13,  2022/04/15,14:18:21,188.00,120.21,4.05,486.50,486.80,-17.10,1.00,-2.01,60.00,   Error ,NAN,NAN,NAN,NAN,NAN,NAN,120.21,3.98,478.40,478.80,-19.40,1.00,-2.33,60.00,   Error 
14,  2022/04/15,14:18:21,689.00,120.22,4.04,484.80,485.20,-17.30,1.00,-2.05,60.00,   Error ,NAN,NAN,NAN,NAN,NAN,NAN,120.17,3.97,477.10,477.60,-20.80,1.00,-2.50,60.00,   Error 
15,  2022/04/15,14:18:22,189.00,120.24,4.04,485.60,485.90,-17.40,1.00,-2.05,60.00,   Error ,NAN,NAN,NAN,NAN,NAN,NAN,120.18,3.98,477.40,477.90,-20.40,1.00,-2.45,60.00,   Error 
16,  2022/04/15,14:18:22,689.00,120.23,4.04,485.90,486.20,-15.80,1.00,-1.86,60.00,   Error ,NAN,NAN,NAN,NAN,NAN,NAN,120.22,3.98,477.90,478.40,-21.00,1.00,-2.52,60.00,   Error 
17,  2022/04/15,14:18:23,189.00,120.25,4.04,485.90,486.20,-17.00,1.00,-2.01,60.00,   Error ,NAN,NAN,NAN,NAN,NAN,NAN,120.15,3.98,478.00,478.40,-21.40,1.00,-2.57,60.00,   Error 
18,  2022/04/15,14:18:23,689.00,120.20,4.05,487.00,487.30,-15.40,1.00,-1.82,60.00,   Error ,NAN,NAN,NAN,NAN,NAN,NAN,120.20,3.97,476.30,476.80,-20.70,1.00,-2.49,60.00,   Error 
19,  2022/04/15,14:18:24,190.00,120.21,4.04,485.20,485.50,-16.70,1.00,-1.97,60.00,   Error ,NAN,NAN,NAN,NAN,NAN,NAN,120.24,3.98,478.60,479.00,-20.40,1.00,-2.45,60.00,   Error 
20,  2022/04/15,14:18:24,688.00,120.22,4.04,485.80,486.10,-15.90,1.00,-1.87,60.00,   Error ,NAN,NAN,NAN,NAN,NAN,NAN,120.23,3.98,478.40,478.80,-21.00,1.00,-2.51,60.00,   Error 
21,  2022/04/15,14:18:25,189.00,120.22,4.04,484.80,485.00,-16.10,1.00,-1.91,60.00,   Error ,NAN,NAN,NAN,NAN,NAN,NAN,120.17,3.97,476.80,477.30,-20.80,1.00,-2.50,60.00,   Error 
22,  2022/04/15,14:18:25,689.00,120.21,4.05,485.90,486.20,-16.80,1.00,-1.98,60.00,   Error ,NAN,NAN,NAN,NAN,NAN,NAN,120.20,3.96,476.00,476.50,-20.00,1.00,-2.41,60.00,   Error 
23,  2022/04/15,14:18:26,189.00,120.22,4.05,487.00,487.30,-16.20,1.00,-1.90,60.00,   Error ,NAN,NAN,NAN,NAN,NAN,NAN,120.22,3.98,477.80,478.30,-22.70,1.00,-2.72,60.00,   Error 
24,  2022/04/15,14:18:26,690.00,120.21,4.04,485.20,485.50,-17.00,1.00,-2.01,60.00,   Error ,NAN,NAN,NAN,NAN,NAN,NAN,120.15,3.99,478.60,479.10,-21.70,1.00,-2.60,60.00,   Error 
25,  2022/04/15,14:18:27,189.00,120.22,4.05,487.00,487.30,-17.20,1.00,-2.02,60.00,   Error ,NAN,NAN,NAN,NAN,NAN,NAN,120.21,3.99,479.50,479.90,-19.90,1.00,-2.37,60.00,   Error 
26,  2022/04/15,14:18:27,687.00,120.24,4.06,487.70,488.00,-19.00,1.00,-2.24,60.00,   Error ,NAN,NAN,NAN,NAN,NAN,NAN,120.15,3.97,476.10,476.50,-19.00,1.00,-2.29,60.00,   Error 
27,  2022/04/15,14:18:28,190.00,120.20,4.05,486.20,486.50,-15.90,1.00,-1.88,60.00,   Error ,NAN,NAN,NAN,NAN,NAN,NAN,120.18,3.98,477.50,477.90,-21.40,1.00,-2.57,60.00,   Error 
28,  2022/04/15,14:18:28,690.00,120.21,4.05,487.00,487.30,-16.10,1.00,-1.90,60.00,   Error ,NAN,NAN,NAN,NAN,NAN,NAN,120.23,3.98,478.10,478.60,-20.60,1.00,-2.46,60.00,   Error 
29,  2022/04/15,14:18:29,191.00,120.23,4.03,484.70,484.90,-16.10,1.00,-1.90,60.00,   Error ,NAN,NAN,NAN,NAN,NAN,NAN,120.19,3.98,477.90,478.40,-21.70,1.00,-2.60,60.00,   Error 
30,  2022/04/15,14:18:29,690.00,120.24,4.05,486.70,487.00,-16.60,1.00,-1.95,60.00,   Error ,NAN,NAN,NAN,NAN,NAN,NAN,120.17,3.99,478.60,479.00,-20.80,1.00,-2.49,60.00,   Error 
31,  2022/04/15,14:18:30,189.00,120.23,4.05,486.40,486.70,-16.40,1.00,-1.93,60.00,   Error ,NAN,NAN,NAN,NAN,NAN,NAN,120.22,3.98,477.60,478.10,-21.70,1.00,-2.61,60.00,   Error 
32,  2022/04/15,14:18:30,689.00,120.23,4.03,484.70,484.90,-15.00,1.00,-1.78,60.00,   Error ,NAN,NAN,NAN,NAN,NAN,NAN,120.21,3.99,478.60,479.10,-22.60,1.00,-2.71,60.00,   Error 
33,  2022/04/15,14:18:31,189.00,120.21,4.04,485.30,485.50,-15.20,1.00,-1.80,60.00,   Error ,NAN,NAN,NAN,NAN,NAN,NAN,120.20,3.97,477.10,477.50,-19.20,1.00,-2.30,60.00,   Error 
34,  2022/04/15,14:18:31,691.00,120.25,4.05,487.10,487.40,-17.60,1.00,-2.07,60.00,   Error ,NAN,NAN,NAN,NAN,NAN,NAN,120.19,3.98,478.40,478.80,-19.70,1.00,-2.36,60.00,   Error 
35,  2022/04/15,14:18:32,189.00,120.21,4.04,485.30,485.50,-14.80,1.00,-1.74,60.00,   Error ,NAN,NAN,NAN,NAN,NAN,NAN,120.18,3.97,476.20,476.70,-20.80,1.00,-2.50,60.00,   Error 
36,  2022/04/15,14:18:32,688.00,120.23,4.05,486.80,487.10,-16.50,1.00,-1.94,60.00,   Error ,NAN,NAN,NAN,NAN,NAN,NAN,120.21,3.98,477.80,478.20,-20.80,1.00,-2.49,60.00,   Error 
37,  2022/04/15,14:18:33,190.00,120.22,4.04,485.60,485.80,-15.90,1.00,-1.88,60.00,   Error ,NAN,NAN,NAN,NAN,NAN,NAN,120.15,3.97,476.90,477.40,-20.70,1.00,-2.48,60.00,   Error 
38,  2022/04/15,14:18:33,687.00,120.20,4.04,485.40,485.80,-17.90,1.00,-2.11,60.00,   Error ,NAN,NAN,NAN,NAN,NAN,NAN,120.22,3.98,477.80,478.10,-18.70,1.00,-2.25,60.00,   Error 
39,  2022/04/15,14:18:34,188.00,120.24,4.03,484.10,484.40,-17.50,1.00,-2.08,60.00,   Error ,NAN,NAN,NAN,NAN,NAN,NAN,120.21,3.98,477.30,477.80,-20.80,1.00,-2.49,60.00,   Error 
40,  2022/04/15,14:18:34,688.00,120.23,4.04,485.90,486.10,-16.40,1.00,-1.93,60.00,   Error ,NAN,NAN,NAN,NAN,NAN,NAN,120.18,3.98,478.00,478.40,-20.10,1.00,-2.41,60.00,   Error 
41,  2022/04/15,14:18:35,189.00,120.22,4.05,487.00,487.20,-15.70,1.00,-1.85,60.00,   Error ,NAN,NAN,NAN,NAN,NAN,NAN,120.23,3.97,476.80,477.30,-20.90,1.00,-2.51,60.00,   Error 
42,  2022/04/15,14:18:35,688.00,120.24,4.04,484.90,485.20,-16.60,1.00,-1.96,60.00,   Error ,NAN,NAN,NAN,NAN,NAN,NAN,120.20,3.98,477.80,478.20,-18.30,1.00,-2.20,60.00,   Error 
43,  2022/04/15,14:18:36,189.00,120.24,4.04,485.20,485.40,-14.50,1.00,-1.71,60.00,   Error ,NAN,NAN,NAN,NAN,NAN,NAN,120.20,3.98,477.50,477.90,-20.20,1.00,-2.42,60.00,   Error 
44,  2022/04/15,14:18:36,689.00,120.22,4.06,487.40,487.70,-17.60,1.00,-2.07,60.00,   Error ,NAN,NAN,NAN,NAN,NAN,NAN,120.17,3.99,478.70,479.20,-20.70,1.00,-2.48,60.00,   Error 
45,  2022/04/15,14:18:37,190.00,120.19,4.04,484.70,485.00,-17.60,1.00,-2.08,60.00,   Error ,NAN,NAN,NAN,NAN,NAN,NAN,120.18,3.97,477.10,477.50,-19.90,1.00,-2.38,60.00,   Error 
46,  2022/04/15,14:18:37,688.00,120.23,4.04,485.60,485.90,-17.50,1.00,-2.07,60.00,   Error ,NAN,NAN,NAN,NAN,NAN,NAN,120.18,3.99,479.50,479.90,-19.40,1.00,-2.32,60.00,   Error 
47,  2022/04/15,14:18:38,190.00,120.22,4.06,487.60,487.90,-16.50,1.00,-1.94,60.00,   Error ,NAN,NAN,NAN,NAN,NAN,NAN,120.15,3.97,476.90,477.40,-21.60,1.00,-2.59,60.00,   Error 
48,  2022/04/15,14:18:38,688.00,120.23,4.03,484.40,484.70,-14.90,1.00,-1.76,60.00,   Error ,NAN,NAN,NAN,NAN,NAN,NAN,120.20,3.99,478.60,479.00,-20.30,1.00,-2.43,60.00,   Error 
49,  2022/04/15,14:18:39,189.00,120.23,4.03,483.80,484.10,-16.10,1.00,-1.91,60.00,   Error ,NAN,NAN,NAN,NAN,NAN,NAN,120.23,3.97,477.40,477.80,-19.70,1.00,-2.36,60.00,   Error 
50,  2022/04/15,14:18:39,688.00,120.20,4.04,485.40,485.70,-17.30,1.00,-2.05,60.00,   Error ,NAN,NAN,NAN,NAN,NAN,NAN,120.18,3.99,478.80,479.20,-20.40,1.00,-2.44,60.00,   Error 
51,  2022/04/15,14:18:40,188.00,120.22,4.04,485.90,486.20,-16.20,1.00,-1.91,60.00,   Error ,NAN,NAN,NAN,NAN,NAN,NAN,120.17,3.98,478.20,478.70,-21.00,1.00,-2.52,60.00,   Error 
52,  2022/04/15,14:18:40,688.00,120.23,4.06,487.40,487.60,-15.90,1.00,-1.87,60.00,   Error ,NAN,NAN,NAN,NAN,NAN,NAN,120.21,3.97,476.50,477.00,-21.10,1.00,-2.53,60.00,   Error 
53,  2022/04/15,14:18:41,188.00,120.22,4.05,486.00,486.30,-16.20,1.00,-1.91,60.00,   Error ,NAN,NAN,NAN,NAN,NAN,NAN,120.17,3.98,478.40,478.80,-19.80,1.00,-2.37,60.00,   Error 
54,  2022/04/15,14:18:41,688.00,120.43,4.02,484.40,484.70,-16.30,1.00,-1.93,60.00,   Error ,NAN,NAN,NAN,NAN,NAN,NAN,120.46,3.97,478.00,478.40,-20.10,1.00,-2.41,60.00,   Error 
55,  2022/04/15,14:18:42,188.00,120.82,4.03,486.10,486.30,-15.30,1.00,-1.80,60.00,   Error ,NAN,NAN,NAN,NAN,NAN,NAN,120.78,3.96,478.10,478.50,-19.00,1.00,-2.28,60.00,   Error 
56,  2022/04/15,14:18:42,688.00,120.80,4.03,486.80,487.00,-16.60,1.00,-1.96,60.00,   Error ,NAN,NAN,NAN,NAN,NAN,NAN,120.82,3.95,476.60,477.00,-20.50,1.00,-2.47,60.00,   Error 
57,  2022/04/15,14:18:43,188.00,120.83,4.02,485.80,486.10,-17.20,1.00,-2.02,60.00,   Error ,NAN,NAN,NAN,NAN,NAN,NAN,120.79,3.95,476.40,476.90,-21.10,1.00,-2.53,60.00,   Error 
58,  2022/04/15,14:18:43,688.00,120.80,4.03,486.20,486.50,-17.00,1.00,-2.01,60.00,   Error ,NAN,NAN,NAN,NAN,NAN,NAN,120.78,3.94,475.90,476.30,-21.00,1.00,-2.53,60.00,   Error 
59,  2022/04/15,14:18:44,188.00,120.79,4.04,487.40,487.80,-17.50,1.00,-2.06,60.00,   Error ,NAN,NAN,NAN,NAN,NAN,NAN,120.77,3.94,475.90,476.40,-21.40,1.00,-2.57,60.00,   Error 
60,  2022/04/15,14:18:44,689.00,120.83,4.03,487.00,487.30,-17.20,1.00,-2.02,60.00,   Error ,NAN,NAN,NAN,NAN,NAN,NAN,120.83,3.95,476.30,476.70,-19.70,1.00,-2.37,60.00,   Error 
61,  2022/04/15,14:18:45,190.00,120.83,4.02,485.80,486.00,-16.40,1.00,-1.94,60.00,   Error ,NAN,NAN,NAN,NAN,NAN,NAN,120.79,3.95,476.20,476.70,-21.90,1.00,-2.63,60.00,   Error 
62,  2022/04/15,14:18:45,689.00,120.82,4.02,485.20,485.40,-14.60,1.00,-1.72,60.00,   Error ,NAN,NAN,NAN,NAN,NAN,NAN,120.74,3.96,477.20,477.70,-21.90,1.00,-2.63,60.00,   Error 
63,  2022/04/15,14:18:46,191.00,120.82,4.03,486.30,486.70,-18.50,1.00,-2.18,60.00,   Error ,NAN,NAN,NAN,NAN,NAN,NAN,120.82,3.95,477.30,477.70,-20.90,1.00,-2.51,60.00,   Error 
64,  2022/04/15,14:18:46,688.00,120.85,4.02,485.10,485.40,-16.60,1.00,-1.96,60.00,   Error ,NAN,NAN,NAN,NAN,NAN,NAN,120.78,3.95,476.80,477.20,-19.90,1.00,-2.39,60.00,   Error 
65,  2022/04/15,14:18:47,188.00,120.82,4.04,488.10,488.30,-14.40,1.00,-1.69,60.00,   Error ,NAN,NAN,NAN,NAN,NAN,NAN,120.77,3.96,478.20,478.70,-21.10,1.00,-2.52,60.00,   Error 
66,  2022/04/15,14:18:47,688.00,120.80,4.02,485.80,486.10,-15.80,1.00,-1.86,60.00,   Error ,NAN,NAN,NAN,NAN,NAN,NAN,120.80,3.97,479.60,480.10,-22.00,1.00,-2.62,60.00,   Error 
67,  2022/04/15,14:18:48,190.00,120.84,4.04,487.60,487.80,-15.30,1.00,-1.80,60.00,   Error ,NAN,NAN,NAN,NAN,NAN,NAN,120.82,3.95,477.10,477.50,-19.80,1.00,-2.38,60.00,   Error 
68,  2022/04/15,14:18:48,688.00,120.81,4.03,486.00,486.20,-16.10,1.00,-1.90,60.00,   Error ,NAN,NAN,NAN,NAN,NAN,NAN,120.75,3.96,478.00,478.40,-20.20,1.00,-2.42,60.00,   Error 
69,  2022/04/15,14:18:49,190.00,120.80,4.02,485.40,485.60,-16.20,1.00,-1.91,60.00,   Error ,NAN,NAN,NAN,NAN,NAN,NAN,120.75,3.96,478.10,478.50,-20.70,1.00,-2.48,60.00,   Error 
70,  2022/04/15,14:18:49,689.00,120.82,4.02,485.70,486.00,-17.60,1.00,-2.08,60.00,   Error ,NAN,NAN,NAN,NAN,NAN,NAN,120.78,3.96,477.90,478.40,-20.90,1.00,-2.50,60.00,   Error 
71,  2022/04/15,14:18:50,188.00,120.80,4.03,485.90,486.20,-18.40,1.00,-2.16,60.00,   Error ,NAN,NAN,NAN,NAN,NAN,NAN,120.79,3.97,478.70,479.10,-18.90,1.00,-2.26,60.00,   Error 
72,  2022/04/15,14:18:50,689.00,120.83,4.02,485.20,485.50,-17.20,1.00,-2.03,60.00,   Error ,NAN,NAN,NAN,NAN,NAN,NAN,120.79,3.95,476.60,477.00,-19.50,1.00,-2.34,60.00,   Error 
73,  2022/04/15,14:18:51,188.00,120.80,4.01,483.90,484.20,-15.90,1.00,-1.88,60.00,   Error ,NAN,NAN,NAN,NAN,NAN,NAN,120.75,3.96,477.30,477.70,-19.70,1.00,-2.36,60.00,   Error 
74,  2022/04/15,14:18:51,689.00,122.19,3.97,485.40,485.60,-14.50,1.00,-1.71,60.00,   Error ,NAN,NAN,NAN,NAN,NAN,NAN,122.15,3.90,475.40,475.70,-18.50,1.00,-2.23,60.00,   Error 
75,  2022/04/15,14:18:52,189.00,124.33,4.02,486.20,499.80,-115.60,0.97,-13.38,60.00,   Error ,NAN,NAN,NAN,NAN,NAN,NAN,124.31,3.94,474.90,489.90,-120.60,0.97,-14.25,60.00,   Error 
76,  2022/04/15,14:18:52,690.00,124.37,4.31,482.60,535.70,-232.70,0.90,-25.74,60.00,   Error ,NAN,NAN,NAN,NAN,NAN,NAN,124.35,4.25,473.00,528.80,-236.40,0.89,-26.55,60.00,   Error 
77,  2022/04/15,14:18:53,189.00,124.41,4.57,483.00,567.90,-298.80,0.85,-31.74,60.00,   Error ,NAN,NAN,NAN,NAN,NAN,NAN,124.34,4.50,471.30,559.40,-301.40,0.84,-32.60,60.00,   Error 
78,  2022/04/15,14:18:53,689.00,124.38,4.72,482.20,587.00,-334.70,0.82,-34.77,60.00,   Error ,NAN,NAN,NAN,NAN,NAN,NAN,124.32,4.67,472.10,580.20,-337.30,0.81,-35.55,60.00,   Error 
79,  2022/04/15,14:18:54,189.00,124.39,4.78,479.40,594.10,-350.90,0.81,-36.21,60.00,   Error ,NAN,NAN,NAN,NAN,NAN,NAN,124.34,4.74,471.60,589.50,-353.60,0.80,-36.86,60.00,   Error 
80,  2022/04/15,14:18:54,690.00,124.41,4.83,478.00,601.20,-364.60,0.80,-37.33,60.00,   Error ,NAN,NAN,NAN,NAN,NAN,NAN,124.37,4.81,471.10,597.60,-367.60,0.79,-37.96,60.00,   Error 
81,  2022/04/15,14:18:55,189.00,124.38,4.89,480.80,608.50,-373.10,0.79,-37.81,60.00,   Error ,NAN,NAN,NAN,NAN,NAN,NAN,124.36,4.85,471.40,603.30,-376.50,0.78,-38.62,60.00,   Error 
82,  2022/04/15,14:18:55,690.00,124.41,4.92,478.80,611.50,-380.30,0.78,-38.46,60.00,   Error ,NAN,NAN,NAN,NAN,NAN,NAN,124.38,4.88,472.10,607.10,-381.70,0.78,-38.95,60.00,   Error 
83,  2022/04/15,14:18:56,188.00,124.42,4.93,480.10,613.30,-381.60,0.78,-38.48,60.00,   Error ,NAN,NAN,NAN,NAN,NAN,NAN,124.37,4.88,470.30,607.10,-383.90,0.77,-39.22,60.00,   Error 
84,  2022/04/15,14:18:56,690.00,124.39,4.94,483.20,614.20,-379.30,0.79,-38.13,60.00,   Error ,NAN,NAN,NAN,NAN,NAN,NAN,124.35,4.90,471.90,609.60,-385.80,0.77,-39.27,60.00,   Error 
85,  2022/04/15,14:18:57,189.00,124.40,4.93,481.40,612.60,-378.90,0.79,-38.20,60.00,   Error ,NAN,NAN,NAN,NAN,NAN,NAN,124.42,4.90,472.80,609.30,-384.40,0.78,-39.11,60.00,   Error 
86,  2022/04/15,14:18:57,688.00,124.41,4.94,480.70,614.50,-382.80,0.78,-38.54,60.00,   Error ,NAN,NAN,NAN,NAN,NAN,NAN,124.34,4.91,474.10,610.40,-384.50,0.78,-39.04,60.00,   Error 
87,  2022/04/15,14:18:58,188.00,124.39,4.93,479.90,613.30,-381.80,0.78,-38.51,60.00,   Error ,NAN,NAN,NAN,NAN,NAN,NAN,124.41,4.88,470.70,607.60,-384.20,0.77,-39.23,60.00,   Error 
88,  2022/04/15,14:18:58,689.00,124.39,4.93,481.30,613.70,-380.70,0.78,-38.34,60.00,   Error ,NAN,NAN,NAN,NAN,NAN,NAN,124.40,4.89,471.00,608.00,-384.50,0.77,-39.23,60.00,   Error 
89,  2022/04/15,14:18:59,188.00,124.41,4.93,479.70,613.30,-382.20,0.78,-38.55,60.00,   Error ,NAN,NAN,NAN,NAN,NAN,NAN,124.35,4.89,471.60,608.30,-384.10,0.78,-39.16,60.00,   Error 
90,  2022/04/15,14:18:59,690.00,124.38,4.94,482.90,613.90,-379.10,0.79,-38.14,60.00,   Error ,NAN,NAN,NAN,NAN,NAN,NAN,124.37,4.89,470.80,607.80,-384.40,0.77,-39.23,60.00,   Error 
91,  2022/04/15,14:19:00,188.00,124.41,4.92,480.00,612.60,-380.70,0.78,-38.42,60.00,   Error ,NAN,NAN,NAN,NAN,NAN,NAN,124.38,4.89,472.00,608.40,-383.90,0.78,-39.12,60.00,   Error 
92,  2022/04/15,14:19:00,690.00,124.38,4.92,478.90,611.80,-380.70,0.78,-38.48,60.00,   Error ,NAN,NAN,NAN,NAN,NAN,NAN,124.40,4.90,471.40,609.10,-385.70,0.77,-39.29,60.00,   Error 
93,  2022/04/15,14:19:01,188.00,124.41,4.93,481.10,613.40,-380.50,0.78,-38.34,60.00,   Error ,NAN,NAN,NAN,NAN,NAN,NAN,124.36,4.90,472.40,609.30,-384.90,0.78,-39.18,60.00,   Error 
94,  2022/04/15,14:19:01,690.00,125.07,4.90,478.60,612.20,-381.80,0.78,-38.59,60.00,   Error ,NAN,NAN,NAN,NAN,NAN,NAN,125.07,4.85,469.10,607.00,-385.30,0.77,-39.40,60.00,   Error 
95,  2022/04/15,14:19:02,191.00,126.17,5.31,477.70,669.60,-469.20,0.71,-44.49,60.00,   Error ,NAN,NAN,NAN,NAN,NAN,NAN,126.10,5.28,469.60,665.40,-471.40,0.71,-45.11,60.00,41.56
96,  2022/04/15,14:19:02,691.00,126.16,5.92,477.40,747.10,-574.70,0.64,-50.29,60.00,   Error ,NAN,NAN,NAN,NAN,NAN,NAN,126.15,5.90,469.30,743.90,-577.20,0.63,-50.89,60.00,60.03
97,  2022/04/15,14:19:03,191.00,126.19,6.27,477.90,791.00,-630.40,0.60,-52.83,60.00,37.95,NAN,NAN,NAN,NAN,NAN,NAN,126.16,6.24,467.80,786.80,-632.70,0.59,-53.52,60.00,60.04
98,  2022/04/15,14:19:03,690.00,126.18,6.46,474.20,815.40,-663.30,0.58,-54.44,60.00,53.08,NAN,NAN,NAN,NAN,NAN,NAN,126.12,6.44,467.40,812.40,-664.50,0.58,-54.88,60.00,60.00
99,  2022/04/15,14:19:04,190.00,126.18,6.57,475.60,829.30,-679.40,0.57,-55.01,60.00,60.03,NAN,NAN,NAN,NAN,NAN,NAN,126.18,6.54,465.70,825.10,-681.20,0.56,-55.64,60.00,60.01
100,  2022/04/15,14:19:04,691.00,126.20,6.64,475.10,838.10,-690.40,0.57,-55.47,60.00,60.01,NAN,NAN,NAN,NAN,NAN,NAN,126.14,6.62,467.00,835.30,-692.50,0.56,-56.01,60.00,59.99
101,  2022/04/15,14:19:05,191.00,126.18,6.65,472.80,839.40,-693.70,0.56,-55.72,60.00,60.05,NAN,NAN,NAN,NAN,NAN,NAN,126.16,6.65,466.80,838.40,-696.40,0.56,-56.16,60.00,59.99
102,  2022/04/15,14:19:05,689.00,126.18,6.67,474.40,841.10,-694.50,0.56,-55.66,60.00,60.06,NAN,NAN,NAN,NAN,NAN,NAN,126.20,6.64,465.00,838.30,-697.50,0.55,-56.31,60.00,59.98
103,  2022/04/15,14:19:06,190.00,126.17,6.71,476.60,846.30,-699.30,0.56,-55.73,60.00,60.01,NAN,NAN,NAN,NAN,NAN,NAN,126.17,6.68,467.80,842.50,-700.60,0.56,-56.27,60.00,60.00
104,  2022/04/15,14:19:06,690.00,126.19,6.66,475.40,840.90,-693.60,0.57,-55.57,60.00,59.98,NAN,NAN,NAN,NAN,NAN,NAN,126.19,6.64,465.70,838.30,-697.10,0.56,-56.26,60.00,60.03
105,  2022/04/15,14:19:07,189.00,126.20,6.70,476.00,845.80,-699.20,0.56,-55.76,60.00,60.00,NAN,NAN,NAN,NAN,NAN,NAN,126.12,6.69,466.00,843.30,-702.90,0.55,-56.46,60.00,60.04
106,  2022/04/15,14:19:07,690.00,126.18,6.72,476.00,847.90,-701.70,0.56,-55.85,60.00,60.02,NAN,NAN,NAN,NAN,NAN,NAN,126.12,6.70,466.40,845.40,-705.10,0.55,-56.52,60.00,59.99
107,  2022/04/15,14:19:08,191.00,126.17,6.70,475.20,844.80,-698.50,0.56,-55.77,60.00,60.07,NAN,NAN,NAN,NAN,NAN,NAN,126.18,6.68,465.70,842.20,-701.80,0.55,-56.44,60.00,60.06
108,  2022/04/15,14:19:08,689.00,126.18,6.70,474.50,845.30,-699.60,0.56,-55.86,60.00,60.00,NAN,NAN,NAN,NAN,NAN,NAN,126.16,6.71,469.10,846.10,-704.20,0.55,-56.33,60.00,59.98
109,  2022/04/15,14:19:09,190.00,126.21,6.71,474.40,847.30,-702.00,0.56,-55.95,60.00,60.07,NAN,NAN,NAN,NAN,NAN,NAN,126.13,6.71,465.60,845.90,-706.30,0.55,-56.61,60.00,59.99
110,  2022/04/15,14:19:09,689.00,126.19,6.71,473.20,847.20,-702.70,0.56,-56.04,60.00,60.00,NAN,NAN,NAN,NAN,NAN,NAN,126.13,6.71,464.40,846.30,-707.50,0.55,-56.72,60.00,60.03
111,  2022/04/15,14:19:10,191.00,126.21,6.72,474.80,848.60,-703.40,0.56,-55.98,60.00,60.02,NAN,NAN,NAN,NAN,NAN,NAN,126.17,6.70,465.20,845.20,-705.70,0.55,-56.61,60.00,60.02
112,  2022/04/15,14:19:10,689.00,126.19,6.71,473.50,846.60,-701.80,0.56,-55.99,60.00,60.01,NAN,NAN,NAN,NAN,NAN,NAN,126.12,6.72,466.90,847.10,-706.80,0.55,-56.55,60.00,60.01
113,  2022/04/15,14:19:11,190.00,126.19,6.72,473.90,847.40,-702.50,0.56,-55.99,60.00,60.04,NAN,NAN,NAN,NAN,NAN,NAN,126.20,6.71,466.50,846.90,-706.90,0.55,-56.58,60.00,60.03
114,  2022/04/15,14:19:11,689.00,126.84,6.69,473.80,848.80,-704.30,0.56,-56.07,60.00,57.86,NAN,NAN,NAN,NAN,NAN,NAN,126.80,6.67,463.30,845.60,-707.40,0.55,-56.78,60.00,60.06
115,  2022/04/15,14:19:12,190.00,127.94,7.29,473.40,932.40,-803.30,0.51,-59.49,60.00,60.06,NAN,NAN,NAN,NAN,NAN,NAN,127.94,7.28,464.00,930.90,-807.00,0.50,-60.10,60.00,60.08
116,  2022/04/15,14:19:12,690.00,127.99,7.95,471.40,1017.40,-901.60,0.46,-62.40,60.00,60.04,NAN,NAN,NAN,NAN,NAN,NAN,127.95,7.95,460.30,1017.30,-907.20,0.45,-63.10,60.00,60.07
117,  2022/04/15,14:19:13,191.00,127.98,8.34,472.80,1066.60,-956.10,0.44,-63.69,60.00,60.00,NAN,NAN,NAN,NAN,NAN,NAN,127.90,8.34,461.50,1066.10,-961.00,0.43,-64.35,60.00,60.05
118,  2022/04/15,14:19:13,689.00,127.97,8.56,472.10,1095.50,-988.50,0.43,-64.47,60.00,60.03,NAN,NAN,NAN,NAN,NAN,NAN,127.92,8.55,461.40,1093.50,-991.40,0.42,-65.05,60.00,59.99
119,  2022/04/15,14:19:14,189.00,127.97,8.63,469.50,1104.30,-999.50,0.43,-64.84,60.00,60.01,NAN,NAN,NAN,NAN,NAN,NAN,127.98,8.62,460.60,1103.20,-1002.40,0.42,-65.32,60.00,60.02
120,  2022/04/15,14:19:14,689.00,127.99,8.70,469.80,1113.60,-1009.70,0.42,-65.05,60.00,60.01,NAN,NAN,NAN,NAN,NAN,NAN,127.95,8.71,460.40,1115.00,-1015.50,0.41,-65.61,60.00,59.99
121,  2022/04/15,14:19:15,189.00,127.98,8.77,470.20,1122.00,-1018.70,0.42,-65.22,60.00,60.01,NAN,NAN,NAN,NAN,NAN,NAN,127.92,8.75,462.30,1119.00,-1019.10,0.41,-65.60,60.00,60.01
122,  2022/04/15,14:19:15,690.00,127.97,8.80,469.40,1125.60,-1023.10,0.42,-65.36,60.00,59.99,NAN,NAN,NAN,NAN,NAN,NAN,127.97,8.78,461.10,1123.50,-1024.60,0.41,-65.77,60.00,60.00
123,  2022/04/15,14:19:16,190.00,127.98,8.78,469.30,1123.40,-1020.60,0.42,-65.30,60.00,60.00,NAN,NAN,NAN,NAN,NAN,NAN,127.97,8.78,460.70,1123.60,-1024.80,0.41,-65.80,60.00,60.00
124,  2022/04/15,14:19:16,688.00,127.97,8.80,471.40,1125.60,-1022.10,0.42,-65.24,60.00,60.03,NAN,NAN,NAN,NAN,NAN,NAN,127.92,8.76,458.90,1121.00,-1022.70,0.41,-65.84,60.00,59.99
125,  2022/04/15,14:19:17,189.00,127.96,8.78,470.60,1124.00,-1020.70,0.42,-65.25,60.00,60.03,NAN,NAN,NAN,NAN,NAN,NAN,127.97,8.78,459.00,1123.70,-1025.70,0.41,-65.89,60.00,59.99
126,  2022/04/15,14:19:17,690.00,128.00,8.79,470.10,1125.20,-1022.30,0.42,-65.31,60.00,60.00,NAN,NAN,NAN,NAN,NAN,NAN,127.96,8.76,458.40,1121.50,-1023.50,0.41,-65.87,60.00,59.98
127,  2022/04/15,14:19:18,189.00,127.96,8.81,471.90,1127.50,-1024.00,0.42,-65.26,60.00,59.98,NAN,NAN,NAN,NAN,NAN,NAN,127.93,8.76,461.10,1120.80,-1021.60,0.41,-65.71,60.00,59.99
128,  2022/04/15,14:19:18,689.00,127.98,8.80,470.90,1125.90,-1022.70,0.42,-65.28,60.00,60.00,NAN,NAN,NAN,NAN,NAN,NAN,127.98,8.79,461.70,1124.70,-1025.60,0.41,-65.76,60.00,59.99
129,  2022/04/15,14:19:19,189.00,127.99,8.79,469.50,1124.90,-1022.20,0.42,-65.33,60.00,60.01,NAN,NAN,NAN,NAN,NAN,NAN,127.94,8.78,460.60,1123.20,-1024.40,0.41,-65.79,60.00,59.98
130,  2022/04/15,14:19:19,689.00,127.96,8.76,469.80,1121.50,-1018.30,0.42,-65.23,60.00,59.98,NAN,NAN,NAN,NAN,NAN,NAN,127.96,8.76,460.10,1121.00,-1022.20,0.41,-65.77,60.00,59.99
131,  2022/04/15,14:19:20,190.00,127.99,8.79,470.40,1125.50,-1022.50,0.42,-65.30,60.00,60.02,NAN,NAN,NAN,NAN,NAN,NAN,127.93,8.77,460.80,1121.70,-1022.60,0.41,-65.74,60.00,60.01
132,  2022/04/15,14:19:20,689.00,127.96,8.80,470.70,1125.60,-1022.40,0.42,-65.28,60.00,59.98,NAN,NAN,NAN,NAN,NAN,NAN,127.91,8.78,460.20,1123.60,-1025.00,0.41,-65.82,60.00,60.00
133,  2022/04/15,14:19:21,189.00,127.99,8.79,470.80,1125.10,-1021.80,0.42,-65.26,60.00,60.01,NAN,NAN,NAN,NAN,NAN,NAN,127.94,8.79,460.00,1124.00,-1025.60,0.41,-65.84,60.00,60.00
134,  2022/04/15,14:19:21,690.00,129.26,8.69,467.60,1122.90,-1020.80,0.42,-65.39,60.00,60.04,NAN,NAN,NAN,NAN,NAN,NAN,129.19,8.68,459.60,1121.70,-1023.20,0.41,-65.81,60.00,60.00
135,  2022/04/15,14:19:22,190.00,131.56,9.13,467.20,1200.50,-1105.80,0.39,-67.10,60.00,60.06,NAN,NAN,NAN,NAN,NAN,NAN,131.52,9.10,455.70,1197.20,-1107.10,0.38,-67.63,60.00,60.05
136,  2022/04/15,14:19:22,689.00,131.56,9.77,466.10,1284.60,-1197.10,0.36,-68.73,60.00,60.03,NAN,NAN,NAN,NAN,NAN,NAN,131.49,9.76,455.30,1283.70,-1200.20,0.35,-69.23,60.00,60.03
137,  2022/04/15,14:19:23,190.00,131.58,10.07,465.10,1325.60,-1241.30,0.35,-69.46,60.00,60.00,NAN,NAN,NAN,NAN,NAN,NAN,131.50,10.07,455.70,1323.70,-1242.80,0.34,-69.86,60.00,60.02
138,  2022/04/15,14:19:23,689.00,131.55,10.26,465.40,1349.80,-1267.00,0.34,-69.83,60.00,60.02,NAN,NAN,NAN,NAN,NAN,NAN,131.53,10.25,454.70,1348.00,-1269.00,0.34,-70.29,60.00,60.00
139,  2022/04/15,14:19:24,189.00,131.57,10.37,464.20,1364.40,-1283.00,0.34,-70.11,60.00,60.00,NAN,NAN,NAN,NAN,NAN,NAN,131.56,10.38,454.40,1365.70,-1287.90,0.33,-70.57,60.00,60.00
140,  2022/04/15,14:19:24,690.00,131.57,10.47,465.90,1377.30,-1296.10,0.34,-70.23,60.00,60.01,NAN,NAN,NAN,NAN,NAN,NAN,131.53,10.44,451.90,1373.30,-1296.80,0.33,-70.79,60.00,59.99
141,  2022/04/15,14:19:25,189.00,131.55,10.48,462.50,1378.80,-1298.90,0.34,-70.40,60.00,60.01,NAN,NAN,NAN,NAN,NAN,NAN,131.53,10.49,452.40,1379.00,-1302.70,0.33,-70.85,60.00,60.00
142,  2022/04/15,14:19:25,691.00,131.56,10.51,462.30,1382.80,-1303.30,0.33,-70.47,60.00,60.00,NAN,NAN,NAN,NAN,NAN,NAN,131.54,10.51,454.50,1382.20,-1305.30,0.33,-70.80,60.00,60.00
143,  2022/04/15,14:19:26,191.00,131.55,10.53,464.80,1385.20,-1304.90,0.34,-70.39,60.00,60.00,NAN,NAN,NAN,NAN,NAN,NAN,131.52,10.52,453.20,1383.40,-1307.00,0.33,-70.88,60.00,59.99
144,  2022/04/15,14:19:26,688.00,131.56,10.53,465.70,1385.40,-1304.70,0.34,-70.36,60.00,60.00,NAN,NAN,NAN,NAN,NAN,NAN,131.55,10.52,454.20,1383.90,-1307.20,0.33,-70.84,60.00,59.99
145,  2022/04/15,14:19:27,189.00,131.58,10.55,464.30,1388.20,-1308.30,0.33,-70.46,60.00,60.00,NAN,NAN,NAN,NAN,NAN,NAN,131.55,10.52,454.40,1383.40,-1306.70,0.33,-70.83,60.00,60.00
146,  2022/04/15,14:19:27,689.00,131.55,10.54,464.50,1386.80,-1306.70,0.33,-70.43,60.00,60.01,NAN,NAN,NAN,NAN,NAN,NAN,131.53,10.53,456.30,1384.70,-1307.40,0.33,-70.76,60.00,60.00
147,  2022/04/15,14:19:28,189.00,131.56,10.52,464.00,1383.50,-1303.30,0.34,-70.41,60.00,59.99,NAN,NAN,NAN,NAN,NAN,NAN,131.58,10.53,454.70,1385.40,-1308.70,0.33,-70.84,60.00,60.01
148,  2022/04/15,14:19:28,691.00,131.56,10.53,462.10,1385.10,-1305.80,0.33,-70.51,60.00,60.02,NAN,NAN,NAN,NAN,NAN,NAN,131.50,10.52,454.20,1383.60,-1306.90,0.33,-70.84,60.00,60.00
149,  2022/04/15,14:19:29,189.00,131.55,10.55,463.60,1387.90,-1308.20,0.33,-70.49,60.00,60.01,NAN,NAN,NAN,NAN,NAN,NAN,131.54,10.53,453.60,1384.90,-1308.50,0.33,-70.88,60.00,60.00
150,  2022/04/15,14:19:29,690.00,131.57,10.54,463.70,1386.20,-1306.30,0.33,-70.46,60.00,60.02,NAN,NAN,NAN,NAN,NAN,NAN,131.51,10.52,455.50,1383.60,-1306.50,0.33,-70.78,60.00,60.00
151,  2022/04/15,14:19:30,188.00,131.56,10.54,465.50,1386.80,-1306.40,0.34,-70.39,60.00,60.01,NAN,NAN,NAN,NAN,NAN,NAN,131.57,10.51,453.50,1383.00,-1306.50,0.33,-70.86,60.00,60.00
152,  2022/04/15,14:19:30,690.00,131.55,10.56,470.50,1389.10,-1307.00,0.34,-70.20,60.00,60.02,NAN,NAN,NAN,NAN,NAN,NAN,131.52,10.53,458.80,1385.10,-1306.90,0.33,-70.66,60.00,60.00
153,  2022/04/15,14:19:31,189.00,131.58,10.55,466.50,1387.90,-1307.20,0.34,-70.36,60.00,60.00,NAN,NAN,NAN,NAN,NAN,NAN,131.56,10.54,459.10,1387.00,-1308.80,0.33,-70.67,60.00,60.00
154,  2022/04/15,14:19:31,690.00,131.15,10.57,465.20,1386.50,-1306.10,0.34,-70.39,60.00,60.00,NAN,NAN,NAN,NAN,NAN,NAN,131.07,10.57,457.60,1385.50,-1307.70,0.33,-70.71,60.00,59.99
155,  2022/04/15,14:19:32,189.00,130.38,10.63,466.20,1386.30,-1305.50,0.34,-70.35,60.00,60.01,NAN,NAN,NAN,NAN,NAN,NAN,130.35,10.62,454.40,1384.50,-1307.80,0.33,-70.84,60.00,59.99
156,  2022/04/15,14:19:32,688.00,130.38,10.65,467.50,1388.40,-1307.30,0.34,-70.32,60.00,60.01,NAN,NAN,NAN,NAN,NAN,NAN,130.33,10.62,456.70,1383.50,-1306.00,0.33,-70.73,60.00,60.01
157,  2022/04/15,14:19:33,188.00,130.35,10.64,465.00,1386.50,-1306.20,0.34,-70.41,60.00,60.00,NAN,NAN,NAN,NAN,NAN,NAN,130.34,10.62,456.60,1383.80,-1306.30,0.33,-70.73,60.00,60.00
158,  2022/04/15,14:19:33,688.00,130.38,10.64,465.00,1386.90,-1306.60,0.34,-70.41,60.00,60.00,NAN,NAN,NAN,NAN,NAN,NAN,130.36,10.62,453.80,1384.70,-1308.20,0.33,-70.87,60.00,60.01
159,  2022/04/15,14:19:34,189.00,130.37,10.65,471.00,1388.60,-1306.30,0.34,-70.17,60.00,60.00,NAN,NAN,NAN,NAN,NAN,NAN,130.30,10.62,461.50,1383.70,-1304.50,0.33,-70.52,60.00,60.00
160,  2022/04/15,14:19:34,690.00,130.35,10.63,465.80,1385.00,-1304.40,0.34,-70.35,60.00,60.00,NAN,NAN,NAN,NAN,NAN,NAN,130.36,10.63,453.70,1385.30,-1308.90,0.33,-70.88,60.00,59.98
161,  2022/04/15,14:19:35,189.00,130.37,10.65,470.20,1388.30,-1306.20,0.34,-70.20,60.00,60.00,NAN,NAN,NAN,NAN,NAN,NAN,130.34,10.62,459.80,1384.30,-1305.70,0.33,-70.60,60.00,60.00
162,  2022/04/15,14:19:35,688.00,130.35,10.63,462.70,1386.00,-1306.50,0.33,-70.50,60.00,60.00,NAN,NAN,NAN,NAN,NAN,NAN,130.32,10.62,454.40,1384.20,-1307.40,0.33,-70.83,60.00,59.99
163,  2022/04/15,14:19:36,188.00,130.36,10.63,463.90,1385.40,-1305.40,0.33,-70.44,60.00,59.99,NAN,NAN,NAN,NAN,NAN,NAN,130.33,10.60,454.30,1381.70,-1304.90,0.33,-70.80,60.00,59.98
164,  2022/04/15,14:19:36,688.00,130.35,10.63,467.90,1385.70,-1304.30,0.34,-70.26,60.00,59.99,NAN,NAN,NAN,NAN,NAN,NAN,130.34,10.64,460.10,1386.30,-1307.80,0.33,-70.62,60.00,59.99
165,  2022/04/15,14:19:37,188.00,130.37,10.64,464.60,1386.70,-1306.60,0.34,-70.43,60.00,59.99,NAN,NAN,NAN,NAN,NAN,NAN,130.34,10.63,456.40,1385.10,-1307.80,0.33,-70.76,60.00,60.00
166,  2022/04/15,14:19:37,689.00,130.39,10.64,466.60,1386.90,-1306.10,0.34,-70.34,60.00,60.00,NAN,NAN,NAN,NAN,NAN,NAN,130.31,10.63,458.90,1385.00,-1306.80,0.33,-70.65,60.00,60.00
167,  2022/04/15,14:19:38,188.00,130.36,10.66,466.30,1389.70,-1309.10,0.34,-70.39,60.00,59.98,NAN,NAN,NAN,NAN,NAN,NAN,130.33,10.61,454.40,1383.00,-1306.20,0.33,-70.82,60.00,59.98
168,  2022/04/15,14:19:38,690.00,130.35,10.66,469.90,1389.80,-1308.00,0.34,-70.24,60.00,60.00,NAN,NAN,NAN,NAN,NAN,NAN,130.35,10.64,457.50,1386.70,-1309.10,0.33,-70.74,60.00,60.00
169,  2022/04/15,14:19:39,188.00,130.36,10.66,472.70,1389.20,-1306.30,0.34,-70.11,60.00,60.01,NAN,NAN,NAN,NAN,NAN,NAN,130.31,10.63,461.10,1385.50,-1306.50,0.33,-70.56,60.00,59.99
170,  2022/04/15,14:19:39,688.00,130.37,10.64,465.60,1386.90,-1306.50,0.34,-70.39,60.00,60.01,NAN,NAN,NAN,NAN,NAN,NAN,130.37,10.61,454.20,1383.70,-1307.00,0.33,-70.84,60.00,59.99
171,  2022/04/15,14:19:40,188.00,130.38,10.63,472.30,1386.20,-1303.20,0.34,-70.08,60.00,60.00,NAN,NAN,NAN,NAN,NAN,NAN,130.33,10.62,459.20,1383.70,-1305.30,0.33,-70.62,60.00,59.99
172,  2022/04/15,14:19:40,688.00,130.35,10.64,467.30,1386.70,-1305.50,0.34,-70.30,60.00,60.00,NAN,NAN,NAN,NAN,NAN,NAN,130.34,10.61,455.10,1382.30,-1305.30,0.33,-70.78,60.00,60.00
173,  2022/04/15,14:19:41,188.00,130.38,10.65,469.00,1388.80,-1307.20,0.34,-70.27,60.00,59.98,NAN,NAN,NAN,NAN,NAN,NAN,130.36,10.62,460.00,1385.00,-1306.30,0.33,-70.60,60.00,59.99
174,  2022/04/15,14:19:41,688.00,130.78,10.60,466.80,1385.70,-1304.70,0.34,-70.31,60.00,60.00,NAN,NAN,NAN,NAN,NAN,NAN,130.75,10.60,459.00,1385.60,-1307.40,0.33,-70.66,60.00,60.00
175,  2022/04/15,14:19:42,189.00,131.56,10.54,466.50,1387.20,-1306.40,0.34,-70.35,60.00,59.98,NAN,NAN,NAN,NAN,NAN,NAN,131.54,10.53,452.70,1384.60,-1308.50,0.33,-70.91,60.00,60.00
176,  2022/04/15,14:19:42,689.00,131.59,10.55,469.70,1388.30,-1306.40,0.34,-70.22,60.00,59.98,NAN,NAN,NAN,NAN,NAN,NAN,131.53,10.52,460.50,1383.30,-1304.40,0.33,-70.56,60.00,59.99
177,  2022/04/15,14:19:43,188.00,131.54,10.54,466.90,1386.60,-1305.60,0.34,-70.32,60.00,60.00,NAN,NAN,NAN,NAN,NAN,NAN,131.54,10.52,453.50,1383.30,-1306.90,0.33,-70.86,60.00,59.99
178,  2022/04/15,14:19:43,691.00,131.57,10.54,464.80,1386.70,-1306.50,0.34,-70.42,60.00,60.00,NAN,NAN,NAN,NAN,NAN,NAN,131.55,10.51,452.80,1382.50,-1306.30,0.33,-70.88,60.00,60.00
179,  2022/04/15,14:19:44,188.00,131.58,10.52,465.30,1384.70,-1304.20,0.34,-70.37,60.00,60.01,NAN,NAN,NAN,NAN,NAN,NAN,131.54,10.53,455.30,1384.40,-1307.40,0.33,-70.80,60.00,59.98
180,  2022/04/15,14:19:44,688.00,131.55,10.55,470.30,1388.20,-1306.10,0.34,-70.20,60.00,59.98,NAN,NAN,NAN,NAN,NAN,NAN,131.51,10.53,459.30,1384.60,-1306.20,0.33,-70.63,60.00,60.00
181,  2022/04/15,14:19:45,191.00,131.56,10.57,468.30,1390.20,-1308.90,0.34,-70.31,60.00,60.00,NAN,NAN,NAN,NAN,NAN,NAN,131.49,10.53,457.70,1384.90,-1307.10,0.33,-70.70,60.00,60.00
182,  2022/04/15,14:19:45,690.00,131.57,10.55,470.70,1388.60,-1306.40,0.34,-70.18,60.00,59.99,NAN,NAN,NAN,NAN,NAN,NAN,131.48,10.53,457.60,1384.00,-1306.20,0.33,-70.69,60.00,60.00
183,  2022/04/15,14:19:46,187.00,131.56,10.55,469.20,1387.50,-1305.70,0.34,-70.23,60.00,59.99,NAN,NAN,NAN,NAN,NAN,NAN,131.50,10.53,459.20,1384.00,-1305.60,0.33,-70.62,60.00,59.99
184,  2022/04/15,14:19:46,689.00,131.56,10.55,468.80,1388.40,-1306.90,0.34,-70.27,60.00,59.98,NAN,NAN,NAN,NAN,NAN,NAN,131.55,10.53,459.70,1385.50,-1307.00,0.33,-70.62,60.00,59.99
185,  2022/04/15,14:19:47,189.00,131.59,10.53,466.10,1386.20,-1305.40,0.34,-70.35,60.00,59.98,NAN,NAN,NAN,NAN,NAN,NAN,131.53,10.52,456.50,1383.30,-1305.90,0.33,-70.73,60.00,60.00
186,  2022/04/15,14:19:47,688.00,131.56,10.53,465.00,1385.40,-1305.10,0.34,-70.39,60.00,60.00,NAN,NAN,NAN,NAN,NAN,NAN,131.50,10.52,454.50,1383.10,-1306.30,0.33,-70.82,60.00,60.00
187,  2022/04/15,14:19:48,188.00,131.55,10.55,470.80,1387.60,-1305.20,0.34,-70.17,60.00,60.00,NAN,NAN,NAN,NAN,NAN,NAN,131.55,10.55,459.80,1387.80,-1309.50,0.33,-70.65,60.00,60.00
188,  2022/04/15,14:19:48,690.00,131.57,10.54,468.30,1387.10,-1305.70,0.34,-70.27,60.00,60.00,NAN,NAN,NAN,NAN,NAN,NAN,131.51,10.52,457.50,1383.10,-1305.20,0.33,-70.68,60.00,60.00
189,  2022/04/15,14:19:49,188.00,131.57,10.54,471.10,1386.60,-1304.10,0.34,-70.14,60.00,59.99,NAN,NAN,NAN,NAN,NAN,NAN,131.56,10.54,459.70,1386.20,-1307.70,0.33,-70.63,60.00,59.99
190,  2022/04/15,14:19:49,688.00,131.58,10.55,469.10,1388.60,-1307.00,0.34,-70.26,60.00,60.01,NAN,NAN,NAN,NAN,NAN,NAN,131.52,10.53,460.70,1385.10,-1306.30,0.33,-70.58,60.00,59.99
191,  2022/04/15,14:19:50,188.00,131.55,10.55,471.10,1387.20,-1304.80,0.34,-70.15,60.00,59.99,NAN,NAN,NAN,NAN,NAN,NAN,131.54,10.53,458.90,1385.10,-1306.80,0.33,-70.65,60.00,59.99
192,  2022/04/15,14:19:50,688.00,131.57,10.55,469.70,1387.70,-1305.80,0.34,-70.22,60.00,59.98,NAN,NAN,NAN,NAN,NAN,NAN,131.49,10.54,460.00,1386.10,-1307.50,0.33,-70.62,60.00,60.00
193,  2022/04/15,14:19:51,188.00,131.56,10.57,469.50,1390.30,-1308.60,0.34,-70.26,60.00,60.00,NAN,NAN,NAN,NAN,NAN,NAN,131.52,10.52,456.20,1383.90,-1306.60,0.33,-70.75,60.00,59.99
194,  2022/04/15,14:19:51,688.00,130.30,10.66,472.20,1389.00,-1306.30,0.34,-70.13,60.00,59.99,NAN,NAN,NAN,NAN,NAN,NAN,130.22,10.64,462.40,1385.80,-1306.40,0.33,-70.51,60.00,59.98
195,  2022/04/15,14:19:52,190.00,127.99,10.19,468.50,1304.20,-1217.10,0.36,-68.95,60.00,59.95,NAN,NAN,NAN,NAN,NAN,NAN,127.93,10.17,456.80,1301.40,-1218.70,0.35,-69.45,60.00,59.98
196,  2022/04/15,14:19:52,689.00,127.97,9.54,470.90,1220.60,-1126.10,0.39,-67.31,60.00,59.96,NAN,NAN,NAN,NAN,NAN,NAN,127.99,9.54,463.70,1221.00,-1129.50,0.38,-67.68,60.00,59.97
197,  2022/04/15,14:19:53,188.00,127.96,9.18,471.60,1174.40,-1075.60,0.40,-66.32,60.00,59.98,NAN,NAN,NAN,NAN,NAN,NAN,127.97,9.17,462.40,1173.60,-1078.70,0.39,-66.80,60.00,59.97
198,  2022/04/15,14:19:53,688.00,127.98,8.96,470.00,1146.50,-1045.70,0.41,-65.80,60.00,59.98,NAN,NAN,NAN,NAN,NAN,NAN,127.99,8.95,460.30,1144.90,-1048.30,0.40,-66.29,60.00,59.99
199,  2022/04/15,14:19:54,189.00,127.97,8.86,472.10,1134.20,-1031.30,0.42,-65.40,60.00,59.98,NAN,NAN,NAN,NAN,NAN,NAN,127.93,8.88,464.70,1136.10,-1036.70,0.41,-65.86,60.00,59.97
200,  2022/04/15,14:19:54,688.00,127.99,8.84,476.10,1131.10,-1026.00,0.42,-65.11,60.00,59.97,NAN,NAN,NAN,NAN,NAN,NAN,127.97,8.84,465.80,1130.60,-1030.20,0.41,-65.67,60.00,60.00
201,  2022/04/15,14:19:55,188.00,127.98,8.80,472.00,1125.80,-1022.00,0.42,-65.21,60.00,59.98,NAN,NAN,NAN,NAN,NAN,NAN,127.92,8.78,462.00,1122.60,-1023.10,0.41,-65.70,60.00,59.98
202,  2022/04/15,14:19:55,688.00,127.96,8.79,470.20,1125.00,-1022.10,0.42,-65.30,60.00,60.00,NAN,NAN,NAN,NAN,NAN,NAN,127.96,8.78,462.70,1123.60,-1023.90,0.41,-65.68,60.00,60.00
203,  2022/04/15,14:19:56,189.00,127.98,8.81,476.00,1128.00,-1022.70,0.42,-65.04,60.00,59.97,NAN,NAN,NAN,NAN,NAN,NAN,127.98,8.81,466.10,1127.20,-1026.40,0.41,-65.58,60.00,59.97
204,  2022/04/15,14:19:56,689.00,127.99,8.76,468.70,1121.40,-1018.70,0.42,-65.29,60.00,59.98,NAN,NAN,NAN,NAN,NAN,NAN,127.93,8.76,460.70,1120.20,-1021.10,0.41,-65.72,60.00,60.00
205,  2022/04/15,14:19:57,188.00,127.97,8.80,471.00,1125.50,-1022.20,0.42,-65.26,60.00,59.96,NAN,NAN,NAN,NAN,NAN,NAN,127.91,8.78,461.70,1122.40,-1023.00,0.41,-65.71,60.00,59.98
206,  2022/04/15,14:19:57,688.00,127.96,8.81,474.50,1127.40,-1022.70,0.42,-65.11,60.00,60.00,NAN,NAN,NAN,NAN,NAN,NAN,127.97,8.80,464.90,1125.60,-1025.10,0.41,-65.60,60.00,59.99
207,  2022/04/15,14:19:58,188.00,128.00,8.80,474.80,1126.30,-1021.40,0.42,-65.07,60.00,59.97,NAN,NAN,NAN,NAN,NAN,NAN,127.96,8.79,466.40,1124.10,-1022.80,0.41,-65.49,60.00,59.98
208,  2022/04/15,14:19:58,689.00,127.97,8.80,473.30,1126.60,-1022.40,0.42,-65.16,60.00,59.98,NAN,NAN,NAN,NAN,NAN,NAN,127.94,8.76,458.60,1120.80,-1022.70,0.41,-65.85,60.00,59.99
209,  2022/04/15,14:19:59,188.00,128.00,8.79,468.90,1124.50,-1022.10,0.42,-65.36,60.00,59.99,NAN,NAN,NAN,NAN,NAN,NAN,127.93,8.76,460.80,1121.10,-1022.10,0.41,-65.73,60.00,59.97
210,  2022/04/15,14:19:59,687.00,127.98,8.77,469.20,1122.20,-1019.40,0.42,-65.29,60.00,59.99,NAN,NAN,NAN,NAN,NAN,NAN,127.92,8.79,462.20,1124.70,-1025.30,0.41,-65.73,60.00,59.98
211,  2022/04/15,14:20:00,188.00,127.99,8.78,470.90,1124.00,-1020.60,0.42,-65.23,60.00,59.98,NAN,NAN,NAN,NAN,NAN,NAN,127.96,8.77,460.60,1121.90,-1023.00,0.41,-65.76,60.00,60.02
212,  2022/04/15,14:20:00,689.00,127.99,8.80,472.80,1126.00,-1021.90,0.42,-65.17,60.00,59.97,NAN,NAN,NAN,NAN,NAN,NAN,127.92,8.78,462.80,1122.60,-1022.70,0.41,-65.65,60.00,59.99
213,  2022/04/15,14:20:01,188.00,127.98,8.78,470.30,1123.10,-1019.90,0.42,-65.24,60.00,59.98,NAN,NAN,NAN,NAN,NAN,NAN,127.99,8.78,461.80,1123.90,-1024.60,0.41,-65.74,60.00,59.95
214,  2022/04/15,14:20:01,689.00,127.33,8.83,473.00,1124.70,-1020.40,0.42,-65.13,60.00,59.97,NAN,NAN,NAN,NAN,NAN,NAN,127.29,8.84,462.90,1125.00,-1025.30,0.41,-65.70,60.00,59.98
215,  2022/04/15,14:20:02,191.00,126.20,8.20,474.20,1035.30,-920.30,0.46,-62.74,60.00,59.90,NAN,NAN,NAN,NAN,NAN,NAN,126.13,8.18,464.20,1031.30,-920.90,0.45,-63.25,60.00,59.86
216,  2022/04/15,14:20:02,689.00,126.21,7.48,472.00,943.70,-817.20,0.50,-59.99,60.00,59.96,NAN,NAN,NAN,NAN,NAN,NAN,126.13,7.47,464.50,942.70,-820.30,0.49,-60.48,60.00,59.99
217,  2022/04/15,14:20:03,189.00,126.20,7.14,476.80,901.30,-764.80,0.53,-58.06,60.00,59.94,NAN,NAN,NAN,NAN,NAN,NAN,126.20,7.11,465.20,897.50,-767.50,0.52,-58.78,60.00,59.96
218,  2022/04/15,14:20:03,689.00,126.19,6.94,473.20,876.10,-737.30,0.54,-57.31,60.00,59.95,NAN,NAN,NAN,NAN,NAN,NAN,126.20,6.93,463.60,874.50,-741.50,0.53,-57.99,60.00,59.98
219,  2022/04/15,14:20:04,189.00,126.19,6.84,474.40,862.60,-720.40,0.55,-56.64,60.00,59.93,NAN,NAN,NAN,NAN,NAN,NAN,126.12,6.83,466.70,860.90,-723.50,0.54,-57.18,60.00,59.99
220,  2022/04/15,14:20:04,689.00,126.18,6.78,474.50,856.00,-712.40,0.55,-56.34,60.00,59.96,NAN,NAN,NAN,NAN,NAN,NAN,126.19,6.76,465.30,853.50,-715.60,0.55,-56.97,60.00,59.97
221,  2022/04/15,14:20:05,189.00,126.20,6.73,476.80,848.90,-702.40,0.56,-55.83,60.00,59.92,NAN,NAN,NAN,NAN,NAN,NAN,126.15,6.70,466.10,845.50,-705.40,0.55,-56.55,60.00,59.98
222,  2022/04/15,14:20:05,691.00,126.19,6.73,474.80,849.80,-704.80,0.56,-56.03,60.00,59.94,NAN,NAN,NAN,NAN,NAN,NAN,126.20,6.72,467.50,847.40,-706.80,0.55,-56.52,60.00,59.99
223,  2022/04/15,14:20:06,190.00,126.19,6.69,473.70,843.60,-698.00,0.56,-55.84,60.00,59.96,NAN,NAN,NAN,NAN,NAN,NAN,126.17,6.67,466.30,841.90,-700.90,0.55,-56.36,60.00,59.97
224,  2022/04/15,14:20:06,690.00,126.18,6.73,475.20,849.40,-704.10,0.56,-55.98,60.00,60.00,NAN,NAN,NAN,NAN,NAN,NAN,126.12,6.71,464.70,845.90,-706.90,0.55,-56.68,60.00,59.96
225,  2022/04/15,14:20:07,189.00,126.20,6.68,473.20,843.30,-698.00,0.56,-55.87,60.00,60.02,NAN,NAN,NAN,NAN,NAN,NAN,126.16,6.67,465.00,841.50,-701.40,0.55,-56.46,60.00,59.96
226,  2022/04/15,14:20:07,688.00,126.20,6.72,474.10,847.70,-702.80,0.56,-56.00,60.00,59.95,NAN,NAN,NAN,NAN,NAN,NAN,126.12,6.70,464.50,845.40,-706.40,0.55,-56.67,60.00,59.99
227,  2022/04/15,14:20:08,188.00,126.18,6.73,475.00,848.80,-703.50,0.56,-55.97,60.00,59.96,NAN,NAN,NAN,NAN,NAN,NAN,126.16,6.72,465.80,847.40,-707.90,0.55,-56.66,60.00,59.99
228,  2022/04/15,14:20:08,689.00,126.20,6.74,476.70,850.10,-703.80,0.56,-55.89,60.00,59.94,NAN,NAN,NAN,NAN,NAN,NAN,126.12,6.72,466.80,847.30,-707.20,0.55,-56.57,60.00,59.97
229,  2022/04/15,14:20:09,189.00,126.18,6.73,473.90,849.40,-704.90,0.56,-56.09,60.00,59.96,NAN,NAN,NAN,NAN,NAN,NAN,126.15,6.70,464.40,844.60,-705.50,0.55,-56.65,60.00,59.97
230,  2022/04/15,14:20:09,688.00,126.21,6.73,475.70,848.80,-703.00,0.56,-55.92,60.00,59.96,NAN,NAN,NAN,NAN,NAN,NAN,126.16,6.71,467.50,846.50,-705.80,0.55,-56.48,60.00,59.97
231,  2022/04/15,14:20:10,189.00,126.17,6.69,475.50,844.60,-698.00,0.56,-55.74,60.00,59.95,NAN,NAN,NAN,NAN,NAN,NAN,126.15,6.68,465.80,843.00,-702.60,0.55,-56.46,60.00,59.99
232,  2022/04/15,14:20:10,688.00,126.20,6.69,475.90,844.60,-697.70,0.56,-55.70,60.00,59.93,NAN,NAN,NAN,NAN,NAN,NAN,126.20,6.67,467.10,841.40,-699.90,0.56,-56.28,60.00,59.95
233,  2022/04/15,14:20:11,188.00,126.18,6.70,475.00,845.70,-699.70,0.56,-55.83,60.00,59.99,NAN,NAN,NAN,NAN,NAN,NAN,126.15,6.68,466.70,842.50,-701.40,0.55,-56.36,60.00,59.97
234,  2022/04/15,14:20:11,714.00,125.55,6.77,474.80,850.50,-705.60,0.56,-56.06,60.00,55.78,NAN,NAN,NAN,NAN,NAN,NAN,125.57,6.75,467.80,847.40,-706.60,0.55,-56.50,60.00,59.95
235,  2022/04/15,14:20:12,658.00,124.44,6.14,478.30,764.50,-596.40,0.63,-51.27,60.00,   Error ,NAN,NAN,NAN,NAN,NAN,NAN,124.42,6.11,468.10,760.20,-599.10,0.62,-52.00,60.00,59.90
236,  2022/04/15,14:20:13,154.00,124.43,5.31,479.80,660.20,-453.50,0.73,-43.39,60.00,   Error ,NAN,NAN,NAN,NAN,NAN,NAN,124.34,5.26,469.60,653.90,-455.10,0.72,-44.10,60.00,   Error 
237,  2022/04/15,14:20:13,654.00,124.39,5.15,482.70,640.50,-421.00,0.75,-41.10,60.00,   Error ,NAN,NAN,NAN,NAN,NAN,NAN,124.40,5.10,470.80,634.60,-425.50,0.74,-42.11,60.00,   Error 
238,  2022/04/15,14:20:14,154.00,124.42,5.03,479.80,625.60,-401.40,0.77,-39.92,60.00,   Error ,NAN,NAN,NAN,NAN,NAN,NAN,124.38,4.99,469.80,620.50,-405.40,0.76,-40.79,60.00,   Error 
239,  2022/04/15,14:20:14,654.00,124.42,4.99,481.10,620.60,-392.00,0.78,-39.17,60.00,   Error ,NAN,NAN,NAN,NAN,NAN,NAN,124.36,4.96,472.50,616.70,-396.30,0.77,-39.99,60.00,   Error 
240,  2022/04/15,14:20:15,154.00,124.38,4.95,479.90,615.70,-385.70,0.78,-38.79,60.00,   Error ,NAN,NAN,NAN,NAN,NAN,NAN,124.38,4.90,469.80,609.20,-387.90,0.77,-39.54,60.00,   Error 
241,  2022/04/15,14:20:15,653.00,124.41,4.96,480.60,616.80,-386.60,0.78,-38.81,60.00,   Error ,NAN,NAN,NAN,NAN,NAN,NAN,124.41,4.92,472.20,611.70,-388.80,0.77,-39.47,60.00,   Error 
242,  2022/04/15,14:20:16,154.00,124.40,4.95,479.90,616.00,-386.20,0.78,-38.83,60.00,   Error ,NAN,NAN,NAN,NAN,NAN,NAN,124.33,4.91,470.70,610.80,-389.30,0.77,-39.60,60.00,   Error 
243,  2022/04/15,14:20:16,654.00,124.40,4.93,479.40,613.00,-382.10,0.78,-38.56,60.00,   Error ,NAN,NAN,NAN,NAN,NAN,NAN,124.39,4.89,470.70,608.30,-385.30,0.77,-39.30,60.00,   Error 
244,  2022/04/15,14:20:17,153.00,124.41,4.95,479.80,616.20,-386.60,0.78,-38.86,60.00,   Error ,NAN,NAN,NAN,NAN,NAN,NAN,124.33,4.93,473.10,612.40,-388.80,0.77,-39.42,60.00,   Error 
245,  2022/04/15,14:20:17,653.00,124.42,4.92,479.60,612.40,-380.90,0.78,-38.46,60.00,   Error ,NAN,NAN,NAN,NAN,NAN,NAN,124.33,4.90,470.70,609.30,-386.90,0.77,-39.42,60.00,   Error 
246,  2022/04/15,14:20:18,154.00,124.39,4.93,480.60,613.50,-381.30,0.78,-38.43,60.00,   Error ,NAN,NAN,NAN,NAN,NAN,NAN,124.38,4.90,471.20,609.00,-385.90,0.77,-39.32,60.00,   Error 
247,  2022/04/15,14:20:18,654.00,124.43,4.94,479.80,614.10,-383.40,0.78,-38.63,60.00,   Error ,NAN,NAN,NAN,NAN,NAN,NAN,124.36,4.89,472.40,608.30,-383.10,0.78,-39.04,60.00,   Error 
248,  2022/04/15,14:20:19,153.00,124.39,4.94,482.30,614.70,-381.20,0.78,-38.32,60.00,   Error ,NAN,NAN,NAN,NAN,NAN,NAN,124.34,4.90,473.00,609.30,-384.10,0.78,-39.08,60.00,   Error 
249,  2022/04/15,14:20:19,654.00,124.42,4.93,481.90,613.60,-379.80,0.79,-38.24,60.00,   Error ,NAN,NAN,NAN,NAN,NAN,NAN,124.37,4.89,470.20,607.60,-384.70,0.77,-39.29,60.00,   Error 
250,  2022/04/15,14:20:20,154.00,124.38,4.94,481.30,614.10,-381.40,0.78,-38.39,60.00,   Error ,NAN,NAN,NAN,NAN,NAN,NAN,124.37,4.89,472.10,608.50,-383.90,0.78,-39.12,60.00,   Error 
251,  2022/04/15,14:20:20,654.00,124.41,4.92,479.20,611.70,-380.10,0.78,-38.43,60.00,   Error ,NAN,NAN,NAN,NAN,NAN,NAN,124.36,4.88,471.10,607.10,-382.80,0.78,-39.10,60.00,   Error 
252,  2022/04/15,14:20:21,153.00,124.39,4.94,482.20,614.20,-380.40,0.79,-38.27,60.00,   Error ,NAN,NAN,NAN,NAN,NAN,NAN,124.41,4.90,473.20,609.40,-384.10,0.78,-39.07,60.00,   Error 
253,  2022/04/15,14:20:21,654.00,123.72,4.98,480.90,616.40,-385.60,0.78,-38.73,60.00,   Error ,NAN,NAN,NAN,NAN,NAN,NAN,123.67,4.95,473.70,612.40,-388.20,0.77,-39.34,60.00,   Error 
254,  2022/04/15,14:20:22,155.00,120.83,4.65,480.50,562.00,-291.40,0.86,-31.24,60.00,   Error ,NAN,NAN,NAN,NAN,NAN,NAN,120.83,4.63,474.60,559.10,-295.60,0.85,-31.92,60.00,   Error 
255,  2022/04/15,14:20:22,655.00,120.84,4.26,486.30,514.30,-167.30,0.95,-18.99,60.00,   Error ,NAN,NAN,NAN,NAN,NAN,NAN,120.84,4.18,475.50,505.10,-170.40,0.94,-19.72,60.00,   Error 
256,  2022/04/15,14:20:23,154.00,120.86,4.12,485.40,497.70,-109.80,0.98,-12.75,60.00,   Error ,NAN,NAN,NAN,NAN,NAN,NAN,120.81,4.07,477.50,491.30,-115.90,0.97,-13.64,60.00,   Error 
257,  2022/04/15,14:20:23,655.00,120.82,4.05,484.40,488.70,-64.50,0.99,-7.59,60.00,   Error ,NAN,NAN,NAN,NAN,NAN,NAN,120.77,3.99,476.20,481.60,-72.10,0.99,-8.61,60.00,   Error 
258,  2022/04/15,14:20:24,154.00,120.82,4.04,486.00,487.80,-42.80,1.00,-5.03,60.00,   Error ,NAN,NAN,NAN,NAN,NAN,NAN,120.83,3.98,479.10,481.40,-47.30,1.00,-5.63,60.00,   Error 
259,  2022/04/15,14:20:24,653.00,120.84,4.03,486.10,487.10,-32.50,1.00,-3.83,60.00,   Error ,NAN,NAN,NAN,NAN,NAN,NAN,120.82,3.96,477.00,478.20,-33.90,1.00,-4.06,60.00,   Error 
260,  2022/04/15,14:20:25,154.00,120.81,4.02,484.80,485.30,-23.30,1.00,-2.76,60.00,   Error ,NAN,NAN,NAN,NAN,NAN,NAN,120.78,3.96,477.10,477.80,-27.40,1.00,-3.28,60.00,   Error 
261,  2022/04/15,14:20:25,653.00,120.81,4.03,486.40,486.90,-21.90,1.00,-2.58,60.00,   Error ,NAN,NAN,NAN,NAN,NAN,NAN,120.82,3.95,476.10,476.90,-26.90,1.00,-3.24,60.00,   Error 
262,  2022/04/15,14:20:26,154.00,120.85,4.00,483.40,483.60,-15.80,1.00,-1.87,60.00,   Error ,NAN,NAN,NAN,NAN,NAN,NAN,120.77,3.95,476.00,476.40,-20.40,1.00,-2.45,60.00,   Error 
263,  2022/04/15,14:20:26,653.00,120.82,4.02,485.50,485.80,-17.90,1.00,-2.11,60.00,   Error ,NAN,NAN,NAN,NAN,NAN,NAN,120.75,3.95,476.20,476.70,-22.00,1.00,-2.65,60.00,   Error 
264,  2022/04/15,14:20:27,155.00,120.84,4.03,486.70,487.00,-16.80,1.00,-1.98,60.00,   Error ,NAN,NAN,NAN,NAN,NAN,NAN,120.81,3.96,477.70,478.10,-19.80,1.00,-2.38,60.00,   Error 
265,  2022/04/15,14:20:27,653.00,120.82,4.03,486.50,486.70,-13.20,1.00,-1.56,60.00,   Error ,NAN,NAN,NAN,NAN,NAN,NAN,120.75,3.95,476.20,476.60,-19.80,1.00,-2.38,60.00,   Error 
266,  2022/04/15,14:20:28,153.00,120.82,4.03,486.80,487.10,-16.00,1.00,-1.88,60.00,   Error ,NAN,NAN,NAN,NAN,NAN,NAN,120.83,3.95,477.20,477.60,-19.80,1.00,-2.37,60.00,   Error 
267,  2022/04/15,14:20:28,654.00,120.82,4.00,483.60,483.80,-14.50,1.00,-1.72,60.00,   Error ,NAN,NAN,NAN,NAN,NAN,NAN,120.83,3.95,477.20,477.60,-19.40,1.00,-2.33,60.00,   Error 
268,  2022/04/15,14:20:29,154.00,120.81,4.01,484.10,484.40,-17.30,1.00,-2.04,60.00,   Error ,NAN,NAN,NAN,NAN,NAN,NAN,120.78,3.95,477.00,477.50,-20.80,1.00,-2.50,60.00,   Error 
269,  2022/04/15,14:20:29,655.00,120.84,4.02,485.40,485.60,-15.70,1.00,-1.86,60.00,   Error ,NAN,NAN,NAN,NAN,NAN,NAN,120.81,3.95,476.40,476.90,-19.80,1.00,-2.38,60.00,   Error 
270,  2022/04/15,14:20:30,153.00,120.83,4.02,485.40,485.60,-16.80,1.00,-1.98,60.00,   Error ,NAN,NAN,NAN,NAN,NAN,NAN,120.77,3.96,478.20,478.60,-19.40,1.00,-2.33,60.00,   Error 
271,  2022/04/15,14:20:30,655.00,120.82,4.02,485.20,485.50,-15.40,1.00,-1.82,60.00,   Error ,NAN,NAN,NAN,NAN,NAN,NAN,120.82,3.97,479.80,480.20,-19.30,1.00,-2.30,60.00,   Error 
272,  2022/04/15,14:20:31,154.00,120.83,4.02,484.90,485.20,-16.20,1.00,-1.91,60.00,   Error ,NAN,NAN,NAN,NAN,NAN,NAN,120.76,3.96,478.30,478.70,-20.20,1.00,-2.42,60.00,   Error 
273,  2022/04/15,14:20:31,653.00,120.70,4.04,487.10,487.40,-16.40,1.00,-1.93,60.00,   Error ,NAN,NAN,NAN,NAN,NAN,NAN,120.64,3.96,477.30,477.90,-23.70,1.00,-2.84,60.00,   Error 
274,  2022/04/15,14:20:32,155.00,120.23,4.04,484.90,485.20,-17.10,1.00,-2.02,60.00,   Error ,NAN,NAN,NAN,NAN,NAN,NAN,120.21,3.96,476.00,476.30,-18.00,1.00,-2.17,60.00,   Error 
275,  2022/04/15,14:20:32,653.00,120.22,4.04,485.60,485.90,-16.10,1.00,-1.90,60.00,   Error ,NAN,NAN,NAN,NAN,NAN,NAN,120.22,3.98,478.00,478.40,-20.70,1.00,-2.48,60.00,   Error 
276,  2022/04/15,14:20:33,153.00,120.20,4.03,484.00,484.30,-16.20,1.00,-1.91,60.00,   Error ,NAN,NAN,NAN,NAN,NAN,NAN,120.18,3.97,477.00,477.40,-19.60,1.00,-2.36,60.00,   Error 
277,  2022/04/15,14:20:33,655.00,120.21,4.05,486.70,487.00,-15.10,1.00,-1.78,60.00,   Error ,NAN,NAN,NAN,NAN,NAN,NAN,120.21,3.98,477.60,478.00,-20.00,1.00,-2.40,60.00,   Error 
278,  2022/04/15,14:20:34,153.00,120.25,4.05,486.40,486.60,-16.60,1.00,-1.95,60.00,   Error ,NAN,NAN,NAN,NAN,NAN,NAN,120.21,3.97,476.20,476.70,-21.90,1.00,-2.63,60.00,   Error 
279,  2022/04/15,14:20:34,654.00,120.22,4.05,486.70,486.90,-16.80,1.00,-1.98,60.00,   Error ,NAN,NAN,NAN,NAN,NAN,NAN,120.19,3.97,476.70,477.10,-20.90,1.00,-2.51,60.00,   Error 
280,  2022/04/15,14:20:35,154.00,120.23,4.04,485.20,485.40,-15.20,1.00,-1.80,60.00,   Error ,NAN,NAN,NAN,NAN,NAN,NAN,120.22,3.99,478.70,479.20,-21.20,1.00,-2.53,60.00,   Error 
281,  2022/04/15,14:20:35,653.00,120.23,4.05,486.60,486.90,-17.10,1.00,-2.02,60.00,   Error ,NAN,NAN,NAN,NAN,NAN,NAN,120.18,3.97,476.60,477.00,-19.80,1.00,-2.38,60.00,   Error 
282,  2022/04/15,14:20:36,154.00,120.20,4.05,486.00,486.30,-16.80,1.00,-1.98,60.00,   Error ,NAN,NAN,NAN,NAN,NAN,NAN,120.21,3.97,477.10,477.50,-21.10,1.00,-2.54,60.00,   Error 
283,  2022/04/15,14:20:36,653.00,120.22,4.05,486.30,486.60,-15.70,1.00,-1.85,60.00,   Error ,NAN,NAN,NAN,NAN,NAN,NAN,120.17,3.97,476.30,476.70,-20.60,1.00,-2.48,60.00,   Error 
284,  2022/04/15,14:20:37,153.00,120.22,4.05,486.60,486.90,-15.60,1.00,-1.84,60.00,   Error ,NAN,NAN,NAN,NAN,NAN,NAN,120.15,3.96,475.70,476.20,-20.00,1.00,-2.41,60.00,   Error 
285,  2022/04/15,14:20:37,654.00,120.22,4.03,484.40,484.60,-15.50,1.00,-1.84,60.00,   Error ,NAN,NAN,NAN,NAN,NAN,NAN,120.20,3.96,475.50,475.90,-19.90,1.00,-2.40,60.00,   Error 
286,  2022/04/15,14:20:38,154.00,120.24,4.05,487.10,487.40,-16.70,1.00,-1.96,60.00,   Error ,NAN,NAN,NAN,NAN,NAN,NAN,120.16,3.98,477.30,477.60,-18.50,1.00,-2.22,60.00,   Error 
287,  2022/04/15,14:20:38,654.00,120.21,4.04,484.80,485.00,-15.80,1.00,-1.87,60.00,   Error ,NAN,NAN,NAN,NAN,NAN,NAN,120.20,3.99,479.10,479.70,-23.00,1.00,-2.75,60.00,   Error 
288,  2022/04/15,14:20:39,154.00,120.24,4.03,483.90,484.20,-15.80,1.00,-1.87,60.00,   Error ,NAN,NAN,NAN,NAN,NAN,NAN,120.19,3.98,478.20,478.70,-21.20,1.00,-2.54,60.00,   Error 
289,  2022/04/15,14:20:39,652.00,120.20,4.04,484.80,485.10,-16.00,1.00,-1.90,60.00,   Error ,NAN,NAN,NAN,NAN,NAN,NAN,120.17,3.98,477.30,477.80,-20.40,1.00,-2.45,60.00,   Error 
290,  2022/04/15,14:20:40,154.00,120.23,4.05,486.60,486.80,-15.00,1.00,-1.77,60.00,   Error ,NAN,NAN,NAN,NAN,NAN,NAN,120.21,3.97,477.20,477.70,-21.10,1.00,-2.53,60.00,   Error 
291,  2022/04/15,14:20:40,653.00,120.20,4.04,485.60,485.90,-14.50,1.00,-1.71,60.00,   Error ,NAN,NAN,NAN,NAN,NAN,NAN,120.18,3.97,477.00,477.40,-19.40,1.00,-2.33,60.00,   Error 
292,  2022/04/15,14:20:41,153.00,120.22,4.03,484.40,484.70,-16.80,1.00,-1.99,60.00,   Error ,NAN,NAN,NAN,NAN,NAN,NAN,120.22,3.99,479.10,479.60,-21.40,1.00,-2.56,60.00,   Error 
293,  2022/04/15,14:20:41,655.00,120.11,4.06,487.70,488.00,-16.40,1.00,-1.93,60.00,   Error ,NAN,NAN,NAN,NAN,NAN,NAN,120.06,3.99,478.30,478.80,-20.90,1.00,-2.50,60.00,   Error 
294,  2022/04/15,14:20:42,153.00,119.62,4.06,485.20,485.40,-14.20,1.00,-1.68,60.00,   Error ,NAN,NAN,NAN,NAN,NAN,NAN,119.56,3.99,476.70,477.20,-21.00,1.00,-2.52,60.00,   Error 
295,  2022/04/15,14:20:42,654.00,119.64,4.08,487.30,487.50,-14.90,1.00,-1.76,60.00,   Error ,NAN,NAN,NAN,NAN,NAN,NAN,119.62,3.98,476.00,476.50,-20.70,1.00,-2.49,60.00,   Error 
296,  2022/04/15,14:20:43,153.00,119.64,4.06,484.90,485.10,-14.70,1.00,-1.74,60.00,   Error ,NAN,NAN,NAN,NAN,NAN,NAN,119.56,4.02,480.70,481.20,-20.80,1.00,-2.48,60.00,   Error 
297,  2022/04/15,14:20:43,653.00,119.60,4.07,486.60,486.70,-12.80,1.00,-1.51,60.00,   Error ,NAN,NAN,NAN,NAN,NAN,NAN,119.56,3.98,475.40,475.80,-19.20,1.00,-2.31,60.00,   Error 
298,  2022/04/15,14:20:44,154.00,119.63,4.07,486.80,487.00,-15.00,1.00,-1.77,60.00,   Error ,NAN,NAN,NAN,NAN,NAN,NAN,119.59,4.00,478.00,478.40,-21.10,1.00,-2.53,60.00,   Error 
299,  2022/04/15,14:20:44,653.00,119.60,4.08,487.60,487.90,-17.90,1.00,-2.10,60.00,   Error ,NAN,NAN,NAN,NAN,NAN,NAN,119.60,4.00,477.50,478.00,-20.90,1.00,-2.51,60.00,   Error 
300,  2022/04/15,14:20:45,153.00,119.63,4.07,486.40,486.60,-14.50,1.00,-1.70,60.00,   Error ,NAN,NAN,NAN,NAN,NAN,NAN,119.61,3.99,477.30,477.70,-20.60,1.00,-2.47,60.00,   Error 
301,  2022/04/15,14:20:45,653.00,119.61,4.07,486.90,487.20,-16.30,1.00,-1.92,60.00,   Error ,NAN,NAN,NAN,NAN,NAN,NAN,119.56,3.99,477.10,477.50,-20.50,1.00,-2.46,60.00,   Error 
302,  2022/04/15,14:20:46,153.00,119.64,4.06,485.50,485.90,-17.60,1.00,-2.07,60.00,   Error ,NAN,NAN,NAN,NAN,NAN,NAN,119.58,4.01,478.80,479.30,-22.50,1.00,-2.69,60.00,   Error 
303,  2022/04/15,14:20:46,654.00,119.62,4.08,488.00,488.30,-18.50,1.00,-2.17,60.00,   Error ,NAN,NAN,NAN,NAN,NAN,NAN,119.55,4.00,477.90,478.40,-20.20,1.00,-2.42,60.00,   Error 
304,  2022/04/15,14:20:47,153.00,119.63,4.08,487.40,487.70,-15.00,1.00,-1.76,60.00,   Error ,NAN,NAN,NAN,NAN,NAN,NAN,119.57,4.00,478.10,478.50,-19.80,1.00,-2.38,60.00,   Error 
305,  2022/04/15,14:20:47,653.00,119.61,4.08,487.30,487.60,-15.90,1.00,-1.87,60.00,   Error ,NAN,NAN,NAN,NAN,NAN,NAN,119.61,4.00,477.90,478.30,-21.00,1.00,-2.52,60.00,   Error 
306,  2022/04/15,14:20:48,153.00,119.64,4.07,486.50,486.70,-16.40,1.00,-1.94,60.00,   Error ,NAN,NAN,NAN,NAN,NAN,NAN,119.58,4.01,478.50,479.00,-21.80,1.00,-2.60,60.00,   Error 
307,  2022/04/15,14:20:48,653.00,119.61,4.07,486.00,486.30,-16.50,1.00,-1.94,60.00,   Error ,NAN,NAN,NAN,NAN,NAN,NAN,119.58,4.00,477.70,478.10,-18.80,1.00,-2.26,60.00,   Error 
308,  2022/04/15,14:20:49,152.00,119.64,4.07,486.70,487.00,-16.60,1.00,-1.96,60.00,   Error ,NAN,NAN,NAN,NAN,NAN,NAN,119.59,3.99,476.50,476.90,-19.90,1.00,-2.39,60.00,   Error 
309,  2022/04/15,14:20:49,653.00,119.62,4.07,487.00,487.20,-15.00,1.00,-1.77,60.00,   Error ,NAN,NAN,NAN,NAN,NAN,NAN,119.57,4.00,477.20,477.70,-19.80,1.00,-2.37,60.00,   Error 
310,  2022/04/15,14:20:50,153.00,119.64,4.07,487.10,487.30,-15.30,1.00,-1.80,60.00,   Error ,NAN,NAN,NAN,NAN,NAN,NAN,119.60,3.99,477.10,477.50,-19.40,1.00,-2.33,60.00,   Error 
311,  2022/04/15,14:20:50,653.00,119.63,4.07,486.80,487.10,-15.40,1.00,-1.81,60.00,   Error ,NAN,NAN,NAN,NAN,NAN,NAN,119.57,4.01,479.50,480.00,-20.70,1.00,-2.48,60.00,   Error 
312,  2022/04/15,14:20:51,155.00,119.60,4.07,486.50,486.80,-15.80,1.00,-1.86,60.00,   Error ,NAN,NAN,NAN,NAN,NAN,NAN,119.59,4.01,479.20,479.60,-20.50,1.00,-2.46,60.00,   Error 
313,  2022/04/15,14:20:51,654.00,119.02,4.10,487.20,487.50,-18.70,1.00,-2.20,60.00,   Error ,NAN,NAN,NAN,NAN,NAN,NAN,119.01,4.04,480.00,480.50,-21.30,1.00,-2.54,60.00,   Error 
314,  2022/04/15,14:20:52,155.00,116.06,4.25,490.30,493.50,56.30,0.99,6.55,60.00,   Error ,NAN,NAN,NAN,NAN,NAN,NAN,116.01,4.17,481.40,484.20,51.70,0.99,6.13,60.00,   Error 
315,  2022/04/15,14:20:52,654.00,116.07,4.41,489.20,511.30,148.70,0.96,16.91,60.00,   Error ,NAN,NAN,NAN,NAN,NAN,NAN,116.04,4.32,480.10,501.20,144.00,0.96,16.70,60.00,   Error 
316,  2022/04/15,14:20:53,154.00,116.02,4.55,488.50,528.00,200.50,0.93,22.31,60.00,   Error ,NAN,NAN,NAN,NAN,NAN,NAN,116.02,4.46,479.30,516.90,193.30,0.93,21.96,60.00,   Error 
317,  2022/04/15,14:20:53,653.00,116.05,4.68,490.60,542.60,231.70,0.90,25.29,60.00,   Error ,NAN,NAN,NAN,NAN,NAN,NAN,116.04,4.56,479.90,529.50,223.80,0.91,25.00,60.00,   Error 
318,  2022/04/15,14:20:54,154.00,116.06,4.72,489.10,547.50,246.00,0.89,26.70,60.00,   Error ,NAN,NAN,NAN,NAN,NAN,NAN,116.01,4.64,480.50,538.10,242.30,0.89,26.76,60.00,   Error 
319,  2022/04/15,14:20:54,654.00,116.02,4.76,490.60,551.60,252.30,0.89,27.22,60.00,   Error ,NAN,NAN,NAN,NAN,NAN,NAN,115.97,4.67,479.80,541.40,250.70,0.89,27.59,60.00,   Error 
320,  2022/04/15,14:20:55,154.00,116.04,4.76,486.90,552.60,261.20,0.88,28.21,60.00,   Error ,NAN,NAN,NAN,NAN,NAN,NAN,116.04,4.68,480.60,543.50,253.80,0.88,27.84,60.00,   Error 
321,  2022/04/15,14:20:55,654.00,116.04,4.78,489.90,554.90,260.60,0.88,28.01,60.00,   Error ,NAN,NAN,NAN,NAN,NAN,NAN,115.98,4.70,481.30,544.50,254.60,0.88,27.88,60.00,   Error 
322,  2022/04/15,14:20:56,152.00,116.04,4.77,487.60,553.10,261.10,0.88,28.17,60.00,   Error ,NAN,NAN,NAN,NAN,NAN,NAN,116.00,4.68,480.00,542.70,253.30,0.88,27.82,60.00,   Error 
323,  2022/04/15,14:20:56,653.00,116.06,4.78,489.20,554.70,261.50,0.88,28.12,60.00,   Error ,NAN,NAN,NAN,NAN,NAN,NAN,116.00,4.70,481.80,544.90,254.50,0.88,27.84,60.00,   Error 
324,  2022/04/15,14:20:57,152.00,116.03,4.77,488.30,553.00,259.60,0.88,28.00,60.00,   Error ,NAN,NAN,NAN,NAN,NAN,NAN,116.00,4.71,481.70,546.40,257.90,0.88,28.17,60.00,   Error 
325,  2022/04/15,14:20:57,653.00,116.06,4.77,488.40,553.80,260.90,0.88,28.11,60.00,   Error ,NAN,NAN,NAN,NAN,NAN,NAN,116.02,4.68,480.80,543.00,252.20,0.89,27.68,60.00,   Error 
326,  2022/04/15,14:20:58,154.00,116.04,4.75,487.90,551.20,256.40,0.89,27.72,60.00,   Error ,NAN,NAN,NAN,NAN,NAN,NAN,115.99,4.66,479.80,541.00,250.00,0.89,27.52,60.00,   Error 
327,  2022/04/15,14:20:58,653.00,116.06,4.77,487.80,553.00,260.60,0.88,28.11,60.00,   Error ,NAN,NAN,NAN,NAN,NAN,NAN,116.01,4.68,480.30,543.10,253.70,0.88,27.84,60.00,   Error 
328,  2022/04/15,14:20:59,154.00,116.04,4.77,488.50,553.10,259.40,0.88,27.97,60.00,   Error ,NAN,NAN,NAN,NAN,NAN,NAN,115.99,4.69,481.50,544.20,253.70,0.88,27.78,60.00,   Error 
329,  2022/04/15,14:20:59,653.00,116.05,4.78,490.00,554.90,260.40,0.88,27.99,60.00,   Error ,NAN,NAN,NAN,NAN,NAN,NAN,116.04,4.69,481.00,543.80,253.60,0.88,27.80,60.00,   Error 
330,  2022/04/15,14:21:00,154.00,116.03,4.77,488.60,553.00,259.00,0.88,27.93,60.00,   Error ,NAN,NAN,NAN,NAN,NAN,NAN,115.96,4.70,482.50,545.20,253.90,0.88,27.76,60.00,   Error 
331,  2022/04/15,14:21:00,653.00,116.01,4.77,488.00,553.10,260.40,0.88,28.08,60.00,   Error ,NAN,NAN,NAN,NAN,NAN,NAN,116.02,4.70,482.10,545.10,254.50,0.88,27.83,60.00,   Error 
332,  2022/04/15,14:21:01,153.00,116.04,4.79,489.70,555.80,262.90,0.88,28.23,60.00,   Error ,NAN,NAN,NAN,NAN,NAN,NAN,116.04,4.72,481.90,548.10,261.30,0.88,28.47,60.00,   Error 
333,  2022/04/15,14:21:01,655.00,115.73,4.79,489.50,554.20,259.90,0.88,27.97,60.00,   Error ,NAN,NAN,NAN,NAN,NAN,NAN,115.70,4.70,480.50,543.90,254.90,0.88,27.95,60.00,   Error 
334,  2022/04/15,14:21:02,160.00,114.28,5.18,488.60,592.50,335.20,0.82,34.45,60.00,   Error ,NAN,NAN,NAN,NAN,NAN,NAN,114.25,5.10,479.30,582.30,330.70,0.82,34.61,60.00,32.76
335,  2022/04/15,14:21:02,660.00,114.30,5.80,487.60,662.50,448.40,0.74,42.60,60.00,   Error ,NAN,NAN,NAN,NAN,NAN,NAN,114.24,5.73,482.10,654.50,442.60,0.74,42.56,60.00,60.07
336,  2022/04/15,14:21:03,235.00,114.25,6.15,487.80,702.70,505.90,0.69,46.05,60.00,20.89,NAN,NAN,NAN,NAN,NAN,NAN,114.24,6.08,479.50,694.10,501.80,0.69,46.30,60.00,60.03
337,  2022/04/15,14:21:03,739.00,114.27,6.39,488.30,730.60,543.50,0.67,48.07,60.00,38.13,NAN,NAN,NAN,NAN,NAN,NAN,114.18,6.32,481.60,721.50,537.20,0.67,48.13,60.00,60.02
338,  2022/04/15,14:21:04,237.00,114.23,6.51,487.60,743.70,561.60,0.66,49.03,60.00,53.37,NAN,NAN,NAN,NAN,NAN,NAN,114.21,6.42,480.30,732.90,553.50,0.66,49.05,60.00,60.00
339,  2022/04/15,14:21:04,737.00,114.25,6.60,490.00,753.40,572.30,0.65,49.43,60.00,57.79,NAN,NAN,NAN,NAN,NAN,NAN,114.25,6.50,480.20,743.10,567.10,0.65,49.74,60.00,60.01
340,  2022/04/15,14:21:05,237.00,114.28,6.60,487.50,753.70,574.70,0.65,49.70,60.00,57.71,NAN,NAN,NAN,NAN,NAN,NAN,114.21,6.52,480.30,744.20,568.40,0.65,49.80,60.00,59.99
341,  2022/04/15,14:21:05,738.00,114.25,6.65,488.70,760.00,582.00,0.64,49.98,60.00,55.50,NAN,NAN,NAN,NAN,NAN,NAN,114.18,6.55,480.90,747.40,572.20,0.64,49.96,60.00,60.01
342,  2022/04/15,14:21:06,238.00,114.23,6.67,488.60,762.20,585.00,0.64,50.13,60.00,59.97,NAN,NAN,NAN,NAN,NAN,NAN,114.23,6.58,482.20,751.60,576.60,0.64,50.10,60.00,59.99
343,  2022/04/15,14:21:06,737.00,114.24,6.67,488.50,762.20,585.20,0.64,50.15,60.00,59.95,NAN,NAN,NAN,NAN,NAN,NAN,114.24,6.58,480.00,751.30,578.00,0.64,50.29,60.00,60.02
344,  2022/04/15,14:21:07,237.00,114.23,6.67,487.90,761.50,584.70,0.64,50.16,60.00,60.01,NAN,NAN,NAN,NAN,NAN,NAN,114.18,6.60,481.30,753.20,579.40,0.64,50.28,60.00,59.98
345,  2022/04/15,14:21:07,736.00,114.24,6.67,488.00,762.00,585.30,0.64,50.18,60.00,59.97,NAN,NAN,NAN,NAN,NAN,NAN,114.23,6.60,480.30,753.30,580.40,0.64,50.39,60.00,60.05
346,  2022/04/15,14:21:08,237.00,114.26,6.68,487.40,762.70,586.70,0.64,50.29,60.00,59.93,NAN,NAN,NAN,NAN,NAN,NAN,114.17,6.58,479.20,751.20,578.50,0.64,50.36,60.00,59.98
347,  2022/04/15,14:21:08,736.00,114.23,6.66,486.50,760.40,584.40,0.64,50.22,60.00,59.95,NAN,NAN,NAN,NAN,NAN,NAN,114.23,6.59,481.30,752.60,578.60,0.64,50.24,60.00,59.98
348,  2022/04/15,14:21:09,236.00,114.27,6.68,489.40,762.80,585.20,0.64,50.09,60.00,59.98,NAN,NAN,NAN,NAN,NAN,NAN,114.20,6.59,481.20,752.40,578.40,0.64,50.24,60.00,59.98
349,  2022/04/15,14:21:09,736.00,114.24,6.67,487.20,762.10,586.10,0.64,50.26,60.00,59.98,NAN,NAN,NAN,NAN,NAN,NAN,114.25,6.60,480.10,753.70,581.10,0.64,50.44,60.00,60.00
350,  2022/04/15,14:21:10,237.00,114.27,6.68,489.00,763.30,586.10,0.64,50.16,60.00,57.77,NAN,NAN,NAN,NAN,NAN,NAN,114.24,6.60,480.10,754.20,581.60,0.64,50.46,60.00,60.00
351,  2022/04/15,14:21:10,736.00,114.24,6.66,488.50,760.30,582.60,0.64,50.02,60.00,60.08,NAN,NAN,NAN,NAN,NAN,NAN,114.23,6.59,481.30,752.20,578.10,0.64,50.22,60.00,59.98
352,  2022/04/15,14:21:11,236.00,114.23,6.66,486.20,760.70,585.00,0.64,50.27,60.00,60.00,NAN,NAN,NAN,NAN,NAN,NAN,114.23,6.60,481.60,753.90,580.00,0.64,50.29,60.00,60.03
353,  2022/04/15,14:21:11,737.00,113.27,6.74,489.70,762.90,585.00,0.64,50.07,60.00,60.04,NAN,NAN,NAN,NAN,NAN,NAN,113.24,6.67,482.10,754.80,580.80,0.64,50.30,60.00,60.03
354,  2022/04/15,14:21:12,240.00,112.47,7.41,488.00,833.20,675.30,0.59,54.15,60.00,60.03,NAN,NAN,NAN,NAN,NAN,NAN,112.47,7.33,480.80,824.40,669.70,0.58,54.32,60.00,60.03
355,  2022/04/15,14:21:12,738.00,112.51,8.15,487.70,917.40,777.00,0.53,57.89,60.00,60.03,NAN,NAN,NAN,NAN,NAN,NAN,112.44,8.08,481.40,908.60,770.60,0.53,58.00,60.00,60.01
356,  2022/04/15,14:21:13,238.00,112.47,8.56,488.80,963.00,829.70,0.51,59.50,60.00,60.00,NAN,NAN,NAN,NAN,NAN,NAN,112.42,8.49,481.10,954.70,824.60,0.50,59.74,60.00,60.01
357,  2022/04/15,14:21:13,738.00,112.48,8.80,488.50,990.30,861.50,0.49,60.45,60.00,60.00,NAN,NAN,NAN,NAN,NAN,NAN,112.42,8.72,479.70,980.60,855.30,0.49,60.72,60.00,60.00
358,  2022/04/15,14:21:14,237.00,112.47,8.94,489.00,1005.20,878.30,0.49,60.89,60.00,59.98,NAN,NAN,NAN,NAN,NAN,NAN,112.41,8.88,484.10,997.70,872.40,0.49,60.97,60.00,59.98
359,  2022/04/15,14:21:14,739.00,112.46,9.02,490.70,1014.10,887.40,0.48,61.06,60.00,59.99,NAN,NAN,NAN,NAN,NAN,NAN,112.47,8.95,482.60,1007.00,883.90,0.48,61.37,60.00,60.01
360,  2022/04/15,14:21:15,237.00,112.47,9.09,488.60,1022.00,897.60,0.48,61.44,60.00,60.00,NAN,NAN,NAN,NAN,NAN,NAN,112.43,9.00,482.10,1011.80,889.60,0.48,61.54,60.00,60.00
361,  2022/04/15,14:21:15,736.00,112.45,9.09,489.20,1022.10,897.40,0.48,61.40,60.00,60.00,NAN,NAN,NAN,NAN,NAN,NAN,112.46,9.02,482.60,1014.50,892.40,0.48,61.60,60.00,60.01
362,  2022/04/15,14:21:16,236.00,112.45,9.15,490.40,1028.30,903.90,0.48,61.52,60.00,60.00,NAN,NAN,NAN,NAN,NAN,NAN,112.45,9.05,481.60,1017.70,896.60,0.47,61.76,60.00,60.01
363,  2022/04/15,14:21:16,735.00,112.46,9.13,488.80,1026.70,902.90,0.48,61.57,60.00,60.00,NAN,NAN,NAN,NAN,NAN,NAN,112.39,9.05,480.90,1016.60,895.60,0.47,61.77,60.00,60.00
364,  2022/04/15,14:21:17,236.00,112.46,9.11,485.90,1024.90,902.40,0.47,61.70,60.00,59.99,NAN,NAN,NAN,NAN,NAN,NAN,112.44,9.02,481.20,1013.70,892.20,0.47,61.66,60.00,60.01
365,  2022/04/15,14:21:17,736.00,112.44,9.11,489.10,1024.50,900.20,0.48,61.48,60.00,59.98,NAN,NAN,NAN,NAN,NAN,NAN,112.40,9.04,481.00,1015.70,894.70,0.47,61.74,60.00,60.01
366,  2022/04/15,14:21:18,236.00,112.48,9.11,487.40,1024.70,901.30,0.48,61.60,60.00,60.00,NAN,NAN,NAN,NAN,NAN,NAN,112.43,9.04,482.10,1016.00,894.30,0.47,61.68,60.00,60.00
367,  2022/04/15,14:21:18,737.00,112.47,9.13,489.50,1026.20,902.00,0.48,61.51,60.00,60.01,NAN,NAN,NAN,NAN,NAN,NAN,112.39,9.05,483.60,1017.40,895.10,0.48,61.62,60.00,59.99
368,  2022/04/15,14:21:19,237.00,112.48,9.13,490.50,1027.40,902.70,0.48,61.48,60.00,60.00,NAN,NAN,NAN,NAN,NAN,NAN,112.44,9.03,480.70,1015.40,894.50,0.47,61.75,60.00,60.00
369,  2022/04/15,14:21:19,737.00,112.45,9.09,489.20,1022.60,898.10,0.48,61.42,60.00,60.01,NAN,NAN,NAN,NAN,NAN,NAN,112.41,8.99,482.90,1010.20,887.30,0.48,61.45,60.00,60.01
370,  2022/04/15,14:21:20,238.00,112.46,9.13,487.50,1026.60,903.50,0.47,61.65,60.00,60.03,NAN,NAN,NAN,NAN,NAN,NAN,112.48,9.05,482.80,1018.10,896.40,0.47,61.70,60.00,60.00
371,  2022/04/15,14:21:20,737.00,112.49,9.12,488.00,1026.20,902.80,0.48,61.61,60.00,60.00,NAN,NAN,NAN,NAN,NAN,NAN,112.42,9.05,481.80,1017.80,896.60,0.47,61.75,60.00,60.00
372,  2022/04/15,14:21:21,236.00,112.46,9.14,489.70,1027.30,903.10,0.48,61.53,60.00,60.00,NAN,NAN,NAN,NAN,NAN,NAN,112.39,9.04,482.80,1016.20,894.30,0.48,61.64,60.00,60.00
373,  2022/04/15,14:21:21,738.00,112.46,9.13,489.90,1026.80,902.40,0.48,61.51,60.00,60.00,NAN,NAN,NAN,NAN,NAN,NAN,112.44,9.05,482.30,1017.20,895.60,0.47,61.70,60.00,60.00
374,  2022/04/15,14:21:22,236.00,112.48,9.12,488.90,1025.30,901.20,0.48,61.52,60.00,60.00,NAN,NAN,NAN,NAN,NAN,NAN,112.40,9.04,480.60,1016.40,895.60,0.47,61.78,60.00,60.00
375,  2022/04/15,14:21:22,735.00,112.46,9.14,490.50,1027.80,903.30,0.48,61.50,60.00,60.00,NAN,NAN,NAN,NAN,NAN,NAN,112.41,9.06,481.20,1018.80,898.00,0.47,61.81,60.00,60.00
376,  2022/04/15,14:21:23,237.00,112.48,9.13,488.50,1027.30,903.70,0.48,61.61,60.00,60.00,NAN,NAN,NAN,NAN,NAN,NAN,112.46,9.05,481.50,1017.30,896.20,0.47,61.75,60.00,60.00
377,  2022/04/15,14:21:23,736.00,112.45,9.08,487.10,1020.80,897.10,0.48,61.50,60.00,59.98,NAN,NAN,NAN,NAN,NAN,NAN,112.38,9.01,482.00,1012.50,890.40,0.48,61.57,60.00,60.01
378,  2022/04/15,14:21:24,236.00,112.46,9.14,488.60,1027.30,903.70,0.48,61.60,60.00,60.00,NAN,NAN,NAN,NAN,NAN,NAN,112.47,9.05,479.80,1017.30,897.10,0.47,61.86,60.00,60.02
379,  2022/04/15,14:21:24,736.00,112.46,9.13,488.30,1026.20,902.50,0.48,61.59,60.00,60.00,NAN,NAN,NAN,NAN,NAN,NAN,112.41,9.05,480.60,1017.10,896.50,0.47,61.81,60.00,60.00
380,  2022/04/15,14:21:25,238.00,112.48,9.13,488.80,1026.90,903.10,0.48,61.58,60.00,59.99,NAN,NAN,NAN,NAN,NAN,NAN,112.46,9.04,482.20,1016.90,895.30,0.47,61.70,60.00,60.01
381,  2022/04/15,14:21:25,736.00,112.48,9.11,487.30,1025.10,901.80,0.48,61.62,60.00,60.00,NAN,NAN,NAN,NAN,NAN,NAN,112.41,9.04,481.70,1016.40,894.90,0.47,61.71,60.00,60.00
382,  2022/04/15,14:21:26,236.00,112.45,9.08,489.20,1021.30,896.50,0.48,61.38,60.00,60.00,NAN,NAN,NAN,NAN,NAN,NAN,112.39,9.01,481.80,1012.60,890.60,0.48,61.58,60.00,60.01
383,  2022/04/15,14:21:26,736.00,112.45,9.14,489.00,1028.10,904.40,0.48,61.60,60.00,60.01,NAN,NAN,NAN,NAN,NAN,NAN,112.47,9.05,480.50,1017.30,896.60,0.47,61.81,60.00,60.00
384,  2022/04/15,14:21:27,238.00,112.48,9.11,487.00,1024.60,901.40,0.48,61.62,60.00,59.99,NAN,NAN,NAN,NAN,NAN,NAN,112.45,9.03,480.70,1015.70,894.80,0.47,61.76,60.00,60.01
385,  2022/04/15,14:21:27,736.00,112.46,9.09,488.60,1021.60,897.20,0.48,61.43,60.00,59.99,NAN,NAN,NAN,NAN,NAN,NAN,112.43,9.01,482.30,1013.30,891.10,0.48,61.58,60.00,60.01
386,  2022/04/15,14:21:28,238.00,112.46,9.10,487.10,1023.80,900.40,0.48,61.59,60.00,59.99,NAN,NAN,NAN,NAN,NAN,NAN,112.48,9.03,483.50,1016.10,893.70,0.48,61.59,60.00,59.99
387,  2022/04/15,14:21:28,736.00,112.44,9.10,489.00,1022.60,898.10,0.48,61.43,60.00,60.01,NAN,NAN,NAN,NAN,NAN,NAN,112.41,9.03,480.20,1014.50,893.70,0.47,61.75,60.00,59.99
388,  2022/04/15,14:21:29,237.00,112.44,9.15,487.90,1028.60,905.50,0.47,61.68,60.00,60.03,NAN,NAN,NAN,NAN,NAN,NAN,112.47,9.05,481.40,1018.30,897.30,0.47,61.79,60.00,60.00
389,  2022/04/15,14:21:29,736.00,112.46,9.13,488.30,1026.50,902.90,0.48,61.60,60.00,59.99,NAN,NAN,NAN,NAN,NAN,NAN,112.39,9.05,481.90,1016.70,895.30,0.47,61.71,60.00,59.99
390,  2022/04/15,14:21:30,235.00,112.47,9.13,489.30,1026.40,902.30,0.48,61.53,60.00,60.01,NAN,NAN,NAN,NAN,NAN,NAN,112.46,9.05,484.40,1017.60,895.00,0.48,61.58,60.00,59.99
391,  2022/04/15,14:21:30,736.00,112.47,9.13,488.00,1026.40,903.00,0.48,61.61,60.00,60.02,NAN,NAN,NAN,NAN,NAN,NAN,112.48,9.05,480.70,1017.50,896.70,0.47,61.81,60.00,60.02
392,  2022/04/15,14:21:31,237.00,112.46,9.08,487.70,1021.50,897.60,0.48,61.49,60.00,59.99,NAN,NAN,NAN,NAN,NAN,NAN,112.42,9.00,481.10,1012.10,890.50,0.48,61.62,60.00,60.00
393,  2022/04/15,14:21:31,737.00,107.94,9.40,492.60,1014.50,886.80,0.49,60.95,60.00,60.03,NAN,NAN,NAN,NAN,NAN,NAN,107.94,9.31,485.10,1004.80,880.00,0.48,61.13,60.01,60.03
394,  2022/04/15,14:21:32,240.00,104.16,10.79,490.40,1124.30,1011.70,0.44,64.14,60.00,60.00,NAN,NAN,NAN,NAN,NAN,NAN,104.10,10.72,484.10,1115.60,1005.10,0.43,64.28,60.00,59.99
395,  2022/04/15,14:21:32,737.00,104.09,11.85,492.00,1233.00,1130.50,0.40,66.48,60.00,60.01,NAN,NAN,NAN,NAN,NAN,NAN,104.06,11.77,483.90,1224.50,1124.90,0.40,66.72,60.00,60.00
396,  2022/04/15,14:21:33,236.00,104.10,12.46,490.80,1297.40,1201.00,0.38,67.77,60.00,60.00,NAN,NAN,NAN,NAN,NAN,NAN,104.08,12.38,485.30,1288.10,1193.20,0.38,67.87,60.00,60.00
397,  2022/04/15,14:21:33,738.00,104.12,12.78,491.00,1330.50,1236.60,0.37,68.34,60.00,60.00,NAN,NAN,NAN,NAN,NAN,NAN,104.09,12.69,484.00,1320.80,1228.90,0.37,68.51,60.00,60.00
398,  2022/04/15,14:21:34,236.00,104.08,12.97,491.20,1349.90,1257.40,0.36,68.66,60.00,60.00,NAN,NAN,NAN,NAN,NAN,NAN,104.02,12.88,484.10,1340.20,1249.70,0.36,68.82,60.00,60.01
399,  2022/04/15,14:21:34,737.00,104.07,13.06,490.50,1359.50,1267.90,0.36,68.85,60.00,60.01,NAN,NAN,NAN,NAN,NAN,NAN,104.10,12.96,484.90,1348.60,1258.40,0.36,68.93,60.00,60.01
400,  2022/04/15,14:21:35,238.00,104.09,13.11,491.10,1365.10,1273.70,0.36,68.91,60.00,60.00,NAN,NAN,NAN,NAN,NAN,NAN,104.08,13.00,483.10,1352.60,1263.40,0.36,69.07,60.00,59.99
401,  2022/04/15,14:21:35,736.00,104.11,13.14,490.30,1367.60,1276.60,0.36,68.99,60.00,60.00,NAN,NAN,NAN,NAN,NAN,NAN,104.08,13.03,483.30,1356.00,1267.00,0.36,69.12,60.00,59.99
402,  2022/04/15,14:21:36,236.00,104.08,13.16,490.80,1370.00,1279.10,0.36,69.01,60.00,60.00,NAN,NAN,NAN,NAN,NAN,NAN,104.07,13.06,484.30,1359.10,1269.90,0.36,69.12,60.00,60.00
403,  2022/04/15,14:21:36,735.00,104.09,13.18,490.70,1371.50,1280.70,0.36,69.04,60.00,60.00,NAN,NAN,NAN,NAN,NAN,NAN,104.10,13.07,484.20,1360.60,1271.50,0.36,69.15,60.00,60.00
404,  2022/04/15,14:21:37,237.00,104.07,13.16,490.20,1369.70,1279.00,0.36,69.03,60.00,60.00,NAN,NAN,NAN,NAN,NAN,NAN,104.04,13.06,484.30,1358.70,1269.40,0.36,69.12,60.00,60.01
405,  2022/04/15,14:21:37,737.00,104.11,13.15,492.10,1369.30,1277.80,0.36,68.94,60.00,60.00,NAN,NAN,NAN,NAN,NAN,NAN,104.07,13.05,484.00,1357.80,1268.60,0.36,69.12,60.00,59.98
406,  2022/04/15,14:21:38,236.00,104.09,13.16,491.50,1370.10,1278.90,0.36,68.98,60.00,60.00,NAN,NAN,NAN,NAN,NAN,NAN,104.02,13.07,483.10,1359.40,1270.60,0.36,69.18,60.00,60.00
407,  2022/04/15,14:21:38,736.00,104.09,13.18,490.90,1371.30,1280.40,0.36,69.03,60.00,60.00,NAN,NAN,NAN,NAN,NAN,NAN,104.09,13.08,482.40,1360.90,1272.60,0.35,69.24,60.00,60.01
408,  2022/04/15,14:21:39,236.00,104.11,13.16,490.90,1370.40,1279.50,0.36,69.01,60.00,59.99,NAN,NAN,NAN,NAN,NAN,NAN,104.02,13.05,483.60,1357.30,1268.20,0.36,69.13,60.00,60.01
409,  2022/04/15,14:21:39,736.00,104.07,13.16,491.80,1370.00,1278.60,0.36,68.96,60.00,60.00,NAN,NAN,NAN,NAN,NAN,NAN,104.08,13.07,483.50,1360.00,1271.10,0.36,69.18,60.00,60.00
410,  2022/04/15,14:21:40,236.00,104.12,13.16,491.00,1370.50,1279.50,0.36,69.01,60.00,60.01,NAN,NAN,NAN,NAN,NAN,NAN,104.07,13.07,485.20,1359.60,1270.10,0.36,69.09,60.00,60.00
411,  2022/04/15,14:21:40,737.00,104.11,13.16,490.40,1369.80,1279.10,0.36,69.02,60.00,60.00,NAN,NAN,NAN,NAN,NAN,NAN,104.07,13.05,484.10,1358.40,1269.20,0.36,69.12,60.00,59.98
412,  2022/04/15,14:21:41,236.00,104.11,13.15,491.10,1368.50,1277.40,0.36,68.97,60.00,60.00,NAN,NAN,NAN,NAN,NAN,NAN,104.02,13.04,482.50,1356.30,1267.60,0.36,69.16,60.00,60.00
413,  2022/04/15,14:21:41,739.00,106.59,12.94,490.60,1378.80,1288.50,0.36,69.16,60.00,59.99,NAN,NAN,NAN,NAN,NAN,NAN,106.57,12.84,482.90,1368.80,1280.80,0.35,69.34,60.00,59.99
414,  2022/04/15,14:21:42,236.00,108.86,12.57,491.70,1368.50,1277.10,0.36,68.94,60.00,60.01,NAN,NAN,NAN,NAN,NAN,NAN,108.87,12.47,482.60,1357.90,1269.30,0.36,69.18,60.00,60.00
415,  2022/04/15,14:21:42,736.00,108.91,12.54,490.50,1365.50,1274.30,0.36,68.95,60.00,60.00,NAN,NAN,NAN,NAN,NAN,NAN,108.84,12.46,481.50,1356.50,1268.20,0.35,69.21,60.00,60.00
416,  2022/04/15,14:21:43,236.00,108.87,12.56,490.80,1367.40,1276.30,0.36,68.96,60.00,60.00,NAN,NAN,NAN,NAN,NAN,NAN,108.81,12.46,483.20,1355.70,1266.70,0.36,69.12,60.00,59.99
417,  2022/04/15,14:21:43,736.00,108.89,12.57,489.00,1368.60,1278.30,0.36,69.07,60.00,60.01,NAN,NAN,NAN,NAN,NAN,NAN,108.87,12.46,482.70,1356.80,1268.00,0.36,69.16,60.00,60.00
418,  2022/04/15,14:21:44,238.00,108.88,12.57,491.90,1368.60,1277.10,0.36,68.94,60.00,60.00,NAN,NAN,NAN,NAN,NAN,NAN,108.81,12.47,482.40,1356.90,1268.20,0.36,69.17,60.00,59.99
419,  2022/04/15,14:21:44,736.00,108.87,12.57,491.00,1368.30,1277.20,0.36,68.97,60.00,60.00,NAN,NAN,NAN,NAN,NAN,NAN,108.87,12.47,482.00,1357.00,1268.50,0.36,69.19,60.00,60.00
420,  2022/04/15,14:21:45,237.00,108.90,12.58,491.70,1370.40,1279.20,0.36,68.97,60.00,60.00,NAN,NAN,NAN,NAN,NAN,NAN,108.83,12.49,483.90,1359.10,1270.10,0.36,69.14,60.00,60.01
421,  2022/04/15,14:21:45,736.00,108.89,12.57,490.60,1368.50,1277.60,0.36,68.99,60.00,60.01,NAN,NAN,NAN,NAN,NAN,NAN,108.82,12.47,483.20,1356.70,1267.70,0.36,69.14,60.00,60.00
422,  2022/04/15,14:21:46,236.00,108.90,12.55,490.90,1367.10,1275.90,0.36,68.95,60.00,60.00,NAN,NAN,NAN,NAN,NAN,NAN,108.87,12.47,482.70,1358.10,1269.40,0.36,69.18,60.00,60.00
423,  2022/04/15,14:21:46,736.00,108.87,12.57,490.30,1368.30,1277.40,0.36,69.00,60.00,60.01,NAN,NAN,NAN,NAN,NAN,NAN,108.82,12.47,482.90,1356.70,1267.90,0.36,69.15,60.00,60.00
424,  2022/04/15,14:21:47,236.00,108.88,12.57,490.20,1368.20,1277.40,0.36,69.01,60.00,60.00,NAN,NAN,NAN,NAN,NAN,NAN,108.88,12.47,483.60,1357.50,1268.40,0.36,69.13,60.00,60.00
425,  2022/04/15,14:21:47,736.00,108.86,12.57,491.60,1368.50,1277.20,0.36,68.95,60.00,60.00,NAN,NAN,NAN,NAN,NAN,NAN,108.85,12.47,483.50,1356.90,1267.90,0.36,69.13,60.00,60.01
426,  2022/04/15,14:21:48,236.00,108.89,12.58,491.00,1369.50,1278.40,0.36,68.99,60.00,60.00,NAN,NAN,NAN,NAN,NAN,NAN,108.86,12.49,483.50,1359.00,1270.10,0.36,69.16,60.00,60.01
427,  2022/04/15,14:21:48,736.00,108.86,12.55,488.40,1366.00,1275.70,0.36,69.05,60.00,59.99,NAN,NAN,NAN,NAN,NAN,NAN,108.88,12.46,483.10,1357.00,1268.00,0.36,69.14,60.00,60.02
428,  2022/04/15,14:21:49,235.00,108.89,12.57,489.70,1368.70,1278.10,0.36,69.04,60.00,60.01,NAN,NAN,NAN,NAN,NAN,NAN,108.83,12.47,482.90,1357.00,1268.10,0.36,69.15,60.00,60.00
429,  2022/04/15,14:21:49,735.00,108.89,12.55,489.10,1366.10,1275.60,0.36,69.02,60.00,60.00,NAN,NAN,NAN,NAN,NAN,NAN,108.89,12.46,482.10,1357.10,1268.60,0.36,69.19,60.00,60.01
430,  2022/04/15,14:21:50,235.00,108.90,12.57,491.20,1368.30,1277.10,0.36,68.96,60.00,60.00,NAN,NAN,NAN,NAN,NAN,NAN,108.82,12.46,481.40,1356.10,1267.80,0.36,69.21,60.00,60.01
431,  2022/04/15,14:21:50,736.00,108.87,12.56,491.70,1366.80,1275.30,0.36,68.92,60.00,60.01,NAN,NAN,NAN,NAN,NAN,NAN,108.81,12.47,483.30,1356.80,1267.80,0.36,69.13,60.00,60.01
432,  2022/04/15,14:21:51,237.00,108.89,12.55,488.80,1367.00,1276.60,0.36,69.05,60.00,59.99,NAN,NAN,NAN,NAN,NAN,NAN,108.84,12.47,484.70,1357.40,1267.90,0.36,69.08,60.00,60.00
433,  2022/04/15,14:21:51,736.00,110.73,12.42,489.10,1375.10,1285.20,0.36,69.16,60.00,59.99,NAN,NAN,NAN,NAN,NAN,NAN,110.70,12.32,481.90,1364.00,1276.00,0.35,69.31,60.00,59.99
434,  2022/04/15,14:21:52,236.00,112.45,11.16,488.40,1254.70,1155.70,0.39,67.09,60.00,59.99,NAN,NAN,NAN,NAN,NAN,NAN,112.42,11.08,482.80,1245.20,1147.80,0.39,67.19,60.00,59.99
435,  2022/04/15,14:21:52,737.00,112.46,10.25,490.20,1152.20,1042.70,0.43,64.82,60.00,60.00,NAN,NAN,NAN,NAN,NAN,NAN,112.41,10.16,483.50,1142.60,1035.20,0.42,64.97,60.00,59.99
436,  2022/04/15,14:21:53,239.00,112.44,9.75,489.80,1096.50,981.00,0.45,63.47,60.00,60.01,NAN,NAN,NAN,NAN,NAN,NAN,112.45,9.66,481.50,1085.70,973.10,0.44,63.67,60.00,60.01
437,  2022/04/15,14:21:53,736.00,112.48,9.46,488.10,1063.50,944.80,0.46,62.68,60.00,60.00,NAN,NAN,NAN,NAN,NAN,NAN,112.41,9.40,483.70,1056.20,938.90,0.46,62.74,60.00,60.00
438,  2022/04/15,14:21:54,236.00,112.44,9.30,488.50,1045.50,924.40,0.47,62.14,60.00,60.01,NAN,NAN,NAN,NAN,NAN,NAN,112.44,9.23,482.60,1037.20,918.10,0.47,62.27,60.00,60.00
439,  2022/04/15,14:21:54,736.00,112.48,9.23,489.60,1038.50,915.80,0.47,61.87,60.00,60.01,NAN,NAN,NAN,NAN,NAN,NAN,112.43,9.15,481.20,1029.00,909.50,0.47,62.12,60.00,60.00
440,  2022/04/15,14:21:55,236.00,112.45,9.16,488.80,1029.70,906.30,0.47,61.66,60.00,60.01,NAN,NAN,NAN,NAN,NAN,NAN,112.40,9.08,481.20,1020.70,900.10,0.47,61.87,60.00,60.00
441,  2022/04/15,14:21:55,737.00,112.46,9.17,489.90,1030.80,907.00,0.48,61.63,60.00,60.00,NAN,NAN,NAN,NAN,NAN,NAN,112.45,9.11,481.10,1023.90,903.80,0.47,61.97,60.00,60.01
442,  2022/04/15,14:21:56,236.00,112.47,9.14,489.20,1028.00,904.10,0.48,61.59,60.00,60.00,NAN,NAN,NAN,NAN,NAN,NAN,112.39,9.06,480.90,1018.80,898.10,0.47,61.83,60.00,60.01
443,  2022/04/15,14:21:56,736.00,112.45,9.13,489.30,1026.40,902.30,0.48,61.53,60.00,60.02,NAN,NAN,NAN,NAN,NAN,NAN,112.45,9.04,480.40,1016.30,895.70,0.47,61.79,60.00,60.01
444,  2022/04/15,14:21:57,236.00,112.46,9.14,488.30,1028.00,904.60,0.48,61.64,60.00,60.03,NAN,NAN,NAN,NAN,NAN,NAN,112.39,9.05,481.80,1016.80,895.50,0.47,61.72,60.00,60.00
445,  2022/04/15,14:21:57,736.00,112.46,9.10,489.10,1023.70,899.30,0.48,61.46,60.00,60.00,NAN,NAN,NAN,NAN,NAN,NAN,112.43,9.07,484.30,1019.30,896.90,0.48,61.63,60.00,60.01
446,  2022/04/15,14:21:58,238.00,112.47,9.12,488.20,1026.20,902.60,0.48,61.59,60.00,60.00,NAN,NAN,NAN,NAN,NAN,NAN,112.39,9.04,480.40,1016.00,895.20,0.47,61.78,60.00,60.01
447,  2022/04/15,14:21:58,735.00,112.47,9.13,488.40,1026.40,902.70,0.48,61.59,60.00,60.01,NAN,NAN,NAN,NAN,NAN,NAN,112.45,9.05,480.30,1017.20,896.60,0.47,61.82,60.00,60.00
448,  2022/04/15,14:21:59,235.00,112.45,9.13,488.50,1026.40,902.70,0.48,61.58,60.00,59.98,NAN,NAN,NAN,NAN,NAN,NAN,112.40,9.05,481.30,1017.70,896.70,0.47,61.77,60.00,60.00
449,  2022/04/15,14:21:59,736.00,112.46,9.16,488.80,1030.00,906.70,0.47,61.67,60.00,60.00,NAN,NAN,NAN,NAN,NAN,NAN,112.40,9.10,482.80,1022.70,901.50,0.47,61.83,60.00,60.01
450,  2022/04/15,14:22:00,235.00,112.47,9.17,489.40,1031.10,907.60,0.47,61.67,60.00,60.01,NAN,NAN,NAN,NAN,NAN,NAN,112.38,9.09,483.40,1021.70,900.20,0.47,61.77,60.00,59.99
451,  2022/04/15,14:22:00,736.00,112.47,9.19,491.00,1033.50,909.50,0.48,61.64,60.00,60.00,NAN,NAN,NAN,NAN,NAN,NAN,112.45,9.10,483.50,1023.40,902.00,0.47,61.81,60.00,60.00
452,  2022/04/15,14:22:01,236.00,112.49,9.17,490.20,1031.40,907.50,0.48,61.62,60.00,59.97,NAN,NAN,NAN,NAN,NAN,NAN,112.42,9.06,480.50,1018.90,898.50,0.47,61.86,60.00,59.99
453,  2022/04/15,14:22:01,739.00,113.38,9.08,488.30,1029.40,906.20,0.47,61.68,60.00,60.01,NAN,NAN,NAN,NAN,NAN,NAN,113.32,9.01,480.10,1020.90,901.00,0.47,61.95,60.00,60.00
454,  2022/04/15,14:22:02,237.00,114.21,8.34,490.20,952.30,816.50,0.51,59.02,60.00,59.99,NAN,NAN,NAN,NAN,NAN,NAN,114.23,8.25,481.00,942.50,810.50,0.51,59.31,60.00,59.99
455,  2022/04/15,14:22:02,738.00,114.26,7.55,489.30,862.20,709.90,0.57,55.43,60.00,59.99,NAN,NAN,NAN,NAN,NAN,NAN,114.21,7.46,482.80,852.10,702.10,0.57,55.49,60.00,59.99
456,  2022/04/15,14:22:03,237.00,114.24,7.14,488.50,816.10,653.70,0.60,53.23,60.00,60.04,NAN,NAN,NAN,NAN,NAN,NAN,114.19,7.06,480.80,805.90,646.90,0.60,53.38,60.00,59.97
457,  2022/04/15,14:22:03,737.00,114.24,6.91,486.00,789.10,621.70,0.62,51.98,60.00,60.04,NAN,NAN,NAN,NAN,NAN,NAN,114.25,6.85,482.70,782.20,615.50,0.62,51.90,60.00,60.03
458,  2022/04/15,14:22:04,237.00,114.26,6.81,488.50,778.00,605.50,0.63,51.10,60.00,60.01,NAN,NAN,NAN,NAN,NAN,NAN,114.22,6.72,480.30,767.30,598.30,0.63,51.24,60.00,59.98
459,  2022/04/15,14:22:04,739.00,114.23,6.74,488.50,770.00,595.20,0.63,50.62,60.00,59.98,NAN,NAN,NAN,NAN,NAN,NAN,114.19,6.64,479.50,758.60,587.90,0.63,50.80,60.00,59.97
460,  2022/04/15,14:22:05,235.00,114.25,6.70,487.30,765.50,590.30,0.64,50.46,60.00,60.01,NAN,NAN,NAN,NAN,NAN,NAN,114.21,6.63,481.20,756.70,584.00,0.64,50.51,60.00,59.98
461,  2022/04/15,14:22:05,735.00,114.27,6.67,489.10,762.70,585.20,0.64,50.11,60.00,59.94,NAN,NAN,NAN,NAN,NAN,NAN,114.20,6.59,479.50,752.40,579.80,0.64,50.41,60.00,59.98
462,  2022/04/15,14:22:06,236.00,114.25,6.66,486.50,761.10,585.30,0.64,50.27,60.00,60.02,NAN,NAN,NAN,NAN,NAN,NAN,114.22,6.58,481.30,751.60,577.30,0.64,50.18,60.00,60.03
463,  2022/04/15,14:22:06,737.00,114.25,6.65,487.60,760.00,582.90,0.64,50.08,60.00,60.04,NAN,NAN,NAN,NAN,NAN,NAN,114.18,6.56,480.70,749.20,574.60,0.64,50.09,60.00,60.00
464,  2022/04/15,14:22:07,236.00,114.23,6.65,486.70,759.40,583.00,0.64,50.14,60.00,60.02,NAN,NAN,NAN,NAN,NAN,NAN,114.22,6.58,480.40,751.20,577.50,0.64,50.24,60.00,60.03
465,  2022/04/15,14:22:07,737.00,114.27,6.66,487.90,760.60,583.50,0.64,50.10,60.00,60.01,NAN,NAN,NAN,NAN,NAN,NAN,114.19,6.58,479.20,751.30,578.70,0.64,50.37,60.00,60.01
466,  2022/04/15,14:22:08,237.00,114.23,6.67,488.80,762.40,585.10,0.64,50.13,60.00,60.04,NAN,NAN,NAN,NAN,NAN,NAN,114.24,6.60,480.70,753.40,580.10,0.64,50.35,60.00,60.00
467,  2022/04/15,14:22:08,736.00,114.27,6.66,486.00,761.10,585.70,0.64,50.32,60.00,57.85,NAN,NAN,NAN,NAN,NAN,NAN,114.23,6.59,480.70,752.80,579.30,0.64,50.31,60.00,60.02
468,  2022/04/15,14:22:09,236.00,114.23,6.69,490.70,763.90,585.40,0.64,50.03,60.00,60.00,NAN,NAN,NAN,NAN,NAN,NAN,114.22,6.59,481.60,752.70,578.40,0.64,50.22,60.00,59.99
469,  2022/04/15,14:22:09,736.00,114.22,6.65,487.80,759.70,582.40,0.64,50.05,60.00,57.72,NAN,NAN,NAN,NAN,NAN,NAN,114.21,6.59,481.20,752.60,578.60,0.64,50.25,60.00,60.02
470,  2022/04/15,14:22:10,236.00,114.24,6.71,487.90,766.50,591.20,0.64,50.47,60.00,57.78,NAN,NAN,NAN,NAN,NAN,NAN,114.22,6.63,481.10,756.90,584.30,0.64,50.54,60.00,59.99
471,  2022/04/15,14:22:10,735.00,114.24,6.68,488.50,762.80,585.90,0.64,50.18,60.00,57.83,NAN,NAN,NAN,NAN,NAN,NAN,114.17,6.60,480.50,753.10,580.00,0.64,50.36,60.00,60.03
472,  2022/04/15,14:22:11,237.00,114.24,6.67,486.70,761.40,585.50,0.64,50.26,60.00,55.60,NAN,NAN,NAN,NAN,NAN,NAN,114.26,6.60,482.20,754.20,579.90,0.64,50.26,60.00,60.00
473,  2022/04/15,14:22:11,737.00,115.18,6.62,487.50,762.00,585.60,0.64,50.22,60.00,51.12,NAN,NAN,NAN,NAN,NAN,NAN,115.16,6.57,480.70,756.20,583.70,0.64,50.52,60.00,59.97
474,  2022/04/15,14:22:12,673.00,116.02,6.18,489.20,717.10,524.30,0.68,46.98,60.00,   Error ,NAN,NAN,NAN,NAN,NAN,NAN,115.95,6.08,478.70,705.00,517.50,0.68,47.23,60.00,59.96
475,  2022/04/15,14:22:13,170.00,116.02,5.17,488.70,600.10,348.30,0.81,35.48,60.00,   Error ,NAN,NAN,NAN,NAN,NAN,NAN,116.03,5.09,479.40,590.30,344.30,0.81,35.69,60.00,   Error 
476,  2022/04/15,14:22:13,669.00,116.05,4.99,488.80,579.40,311.10,0.84,32.48,60.00,   Error ,NAN,NAN,NAN,NAN,NAN,NAN,115.98,4.91,480.50,569.30,305.40,0.84,32.44,60.00,   Error 
477,  2022/04/15,14:22:14,170.00,116.02,4.90,489.00,568.40,289.80,0.86,30.65,60.00,   Error ,NAN,NAN,NAN,NAN,NAN,NAN,115.99,4.82,480.20,558.70,285.40,0.86,30.73,60.00,   Error 
478,  2022/04/15,14:22:14,668.00,116.04,4.86,489.00,563.50,280.00,0.87,29.79,60.00,   Error ,NAN,NAN,NAN,NAN,NAN,NAN,116.01,4.77,481.50,552.80,271.50,0.87,29.41,60.00,   Error 
479,  2022/04/15,14:22:15,168.00,116.04,4.80,488.40,557.00,267.90,0.88,28.75,60.00,   Error ,NAN,NAN,NAN,NAN,NAN,NAN,116.01,4.74,481.50,550.00,265.80,0.88,28.90,60.00,   Error 
480,  2022/04/15,14:22:15,669.00,116.05,4.79,488.70,555.30,263.70,0.88,28.35,60.00,   Error ,NAN,NAN,NAN,NAN,NAN,NAN,115.99,4.71,480.20,546.10,260.10,0.88,28.44,60.00,   Error 
481,  2022/04/15,14:22:16,168.00,116.05,4.77,488.70,553.90,260.80,0.88,28.09,60.00,   Error ,NAN,NAN,NAN,NAN,NAN,NAN,116.04,4.69,479.80,544.10,256.60,0.88,28.14,60.00,   Error 
482,  2022/04/15,14:22:16,669.00,116.03,4.78,489.30,554.20,260.30,0.88,28.01,60.00,   Error ,NAN,NAN,NAN,NAN,NAN,NAN,115.97,4.71,482.10,545.90,256.00,0.88,27.97,60.00,   Error 
483,  2022/04/15,14:22:17,168.00,116.02,4.77,488.60,553.60,260.10,0.88,28.03,60.00,   Error ,NAN,NAN,NAN,NAN,NAN,NAN,116.04,4.68,479.00,542.70,255.10,0.88,28.04,60.00,   Error 
484,  2022/04/15,14:22:17,668.00,116.03,4.78,488.80,554.00,260.90,0.88,28.09,60.00,   Error ,NAN,NAN,NAN,NAN,NAN,NAN,115.99,4.70,481.80,544.90,254.60,0.88,27.85,60.00,   Error 
485,  2022/04/15,14:22:18,168.00,116.04,4.78,489.50,555.10,261.60,0.88,28.12,60.00,   Error ,NAN,NAN,NAN,NAN,NAN,NAN,116.05,4.69,480.00,544.50,257.00,0.88,28.17,60.00,   Error 
486,  2022/04/15,14:22:18,669.00,116.03,4.80,489.20,556.60,265.50,0.88,28.49,60.00,   Error ,NAN,NAN,NAN,NAN,NAN,NAN,116.00,4.70,478.10,545.00,261.70,0.88,28.70,60.00,   Error 
487,  2022/04/15,14:22:19,168.00,116.03,4.79,489.40,556.10,264.20,0.88,28.36,60.00,   Error ,NAN,NAN,NAN,NAN,NAN,NAN,116.05,4.71,479.90,545.90,260.30,0.88,28.48,60.00,   Error 
488,  2022/04/15,14:22:19,668.00,116.02,4.81,490.50,557.70,265.40,0.88,28.42,60.00,   Error ,NAN,NAN,NAN,NAN,NAN,NAN,116.04,4.74,483.30,549.60,261.70,0.88,28.44,60.00,   Error 
489,  2022/04/15,14:22:20,169.00,116.04,4.77,488.00,553.20,260.60,0.88,28.10,60.00,   Error ,NAN,NAN,NAN,NAN,NAN,NAN,115.97,4.70,481.10,544.60,255.20,0.88,27.94,60.00,   Error 
490,  2022/04/15,14:22:20,668.00,116.02,4.77,489.10,553.70,259.40,0.88,27.94,60.00,   Error ,NAN,NAN,NAN,NAN,NAN,NAN,116.02,4.69,481.70,543.90,252.60,0.89,27.67,60.00,   Error 
491,  2022/04/15,14:22:21,167.00,116.02,4.77,489.30,553.70,259.10,0.88,27.90,60.00,   Error ,NAN,NAN,NAN,NAN,NAN,NAN,116.00,4.70,481.80,545.10,254.90,0.88,27.88,60.00,   Error 
492,  2022/04/15,14:22:21,671.00,116.79,4.75,488.30,555.00,263.60,0.88,28.36,60.00,   Error ,NAN,NAN,NAN,NAN,NAN,NAN,116.80,4.68,481.20,546.30,258.60,0.88,28.26,60.00,   Error 
493,  2022/04/15,14:22:22,170.00,119.59,4.35,486.30,520.70,186.20,0.93,20.95,60.00,   Error ,NAN,NAN,NAN,NAN,NAN,NAN,119.59,4.29,479.20,512.60,181.90,0.93,20.79,60.00,   Error 
494,  2022/04/15,14:22:22,668.00,119.60,4.14,486.10,495.40,95.40,0.98,11.10,60.00,   Error ,NAN,NAN,NAN,NAN,NAN,NAN,119.53,4.07,478.00,486.30,89.10,0.98,10.56,60.00,   Error 
495,  2022/04/15,14:22:23,168.00,119.60,4.09,486.60,488.60,43.80,1.00,5.15,60.00,   Error ,NAN,NAN,NAN,NAN,NAN,NAN,119.56,4.02,478.60,480.10,38.10,1.00,4.55,60.00,   Error 
496,  2022/04/15,14:22:23,671.00,119.61,4.07,487.00,487.30,17.10,1.00,2.02,60.00,   Error ,NAN,NAN,NAN,NAN,NAN,NAN,119.61,4.02,480.20,480.40,12.00,1.00,1.43,60.00,   Error 
497,  2022/04/15,14:22:24,168.00,119.64,4.07,487.00,487.00,2.40,1.00,0.28,60.00,   Error ,NAN,NAN,NAN,NAN,NAN,NAN,119.55,3.99,476.80,476.80,-2.40,1.00,-0.29,60.00,   Error 
498,  2022/04/15,14:22:24,669.00,119.61,4.07,486.50,486.50,-3.90,1.00,-0.45,60.00,   Error ,NAN,NAN,NAN,NAN,NAN,NAN,119.59,4.00,478.50,478.60,-10.00,1.00,-1.19,60.00,   Error 
499,  2022/04/15,14:22:25,168.00,119.65,4.06,485.80,485.90,-12.00,1.00,-1.42,60.00,   Error ,NAN,NAN,NAN,NAN,NAN,NAN,119.59,4.01,479.00,479.20,-15.80,1.00,-1.89,60.00,   Error 
500,  2022/04/15,14:22:25,668.00,119.61,4.06,485.10,485.30,-10.90,1.00,-1.29,60.00,   Error ,NAN,NAN,NAN,NAN,NAN,NAN,119.56,3.99,476.70,476.90,-14.90,1.00,-1.79,60.00,   Error 
501,  2022/04/15,14:22:26,168.00,119.63,4.08,487.70,487.90,-16.10,1.00,-1.89,60.00,   Error ,NAN,NAN,NAN,NAN,NAN,NAN,119.60,4.00,477.40,477.80,-19.10,1.00,-2.30,60.00,   Error 
502,  2022/04/15,14:22:26,669.00,119.63,4.09,488.40,488.70,-16.70,1.00,-1.96,60.00,   Error ,NAN,NAN,NAN,NAN,NAN,NAN,119.55,3.99,476.80,477.10,-17.20,1.00,-2.06,60.00,   Error 
503,  2022/04/15,14:22:27,167.00,119.63,4.07,486.70,487.00,-16.50,1.00,-1.95,60.00,   Error ,NAN,NAN,NAN,NAN,NAN,NAN,119.61,4.01,478.80,479.30,-20.60,1.00,-2.47,60.00,   Error 
504,  2022/04/15,14:22:27,669.00,119.61,4.09,488.50,488.80,-15.40,1.00,-1.81,60.00,   Error ,NAN,NAN,NAN,NAN,NAN,NAN,119.56,4.01,479.30,479.80,-20.70,1.00,-2.47,60.00,   Error 
505,  2022/04/15,14:22:28,168.00,119.62,4.06,485.50,485.80,-16.80,1.00,-1.98,60.00,   Error ,NAN,NAN,NAN,NAN,NAN,NAN,119.61,4.00,478.10,478.60,-21.60,1.00,-2.59,60.00,   Error 
506,  2022/04/15,14:22:28,669.00,119.62,4.08,488.10,488.40,-16.10,1.00,-1.88,60.00,   Error ,NAN,NAN,NAN,NAN,NAN,NAN,119.56,4.00,477.90,478.40,-21.50,1.00,-2.57,60.00,   Error 
507,  2022/04/15,14:22:29,168.00,119.60,4.06,484.80,484.90,-13.40,1.00,-1.58,60.00,   Error ,NAN,NAN,NAN,NAN,NAN,NAN,119.62,3.99,476.90,477.30,-20.10,1.00,-2.41,60.00,   Error 
508,  2022/04/15,14:22:29,668.00,119.62,4.08,487.50,487.80,-16.90,1.00,-1.98,60.00,   Error ,NAN,NAN,NAN,NAN,NAN,NAN,119.63,3.99,477.20,477.70,-21.50,1.00,-2.58,60.00,   Error 
509,  2022/04/15,14:22:30,167.00,119.64,4.06,485.70,486.00,-16.50,1.00,-1.95,60.00,   Error ,NAN,NAN,NAN,NAN,NAN,NAN,119.55,4.00,477.70,478.10,-20.00,1.00,-2.39,60.00,   Error 
510,  2022/04/15,14:22:30,668.00,119.62,4.07,486.60,486.90,-15.70,1.00,-1.85,60.00,   Error ,NAN,NAN,NAN,NAN,NAN,NAN,119.57,4.01,478.90,479.30,-19.00,1.00,-2.27,60.00,   Error 
511,  2022/04/15,14:22:31,168.00,119.61,4.08,487.20,487.50,-16.60,1.00,-1.95,60.00,   Error ,NAN,NAN,NAN,NAN,NAN,NAN,119.63,4.01,479.30,479.70,-18.00,1.00,-2.15,60.00,   Error 
512,  2022/04/15,14:22:31,667.00,119.75,4.06,486.00,486.20,-16.00,1.00,-1.89,60.00,   Error ,NAN,NAN,NAN,NAN,NAN,NAN,119.70,4.00,478.60,479.00,-18.30,1.00,-2.19,60.00,   Error 
513,  2022/04/15,14:22:32,169.00,120.24,4.03,484.50,484.80,-16.10,1.00,-1.91,60.00,   Error ,NAN,NAN,NAN,NAN,NAN,NAN,120.21,3.96,475.70,476.20,-21.40,1.00,-2.58,60.00,   Error 
514,  2022/04/15,14:22:32,668.00,120.23,4.05,486.80,487.10,-18.60,1.00,-2.18,60.00,   Error ,NAN,NAN,NAN,NAN,NAN,NAN,120.15,3.98,477.70,478.20,-20.70,1.00,-2.48,60.00,   Error 
515,  2022/04/15,14:22:33,167.00,120.24,4.05,486.80,487.10,-16.50,1.00,-1.95,60.00,   Error ,NAN,NAN,NAN,NAN,NAN,NAN,120.17,3.98,477.30,477.70,-21.20,1.00,-2.54,60.00,   Error 
516,  2022/04/15,14:22:33,668.00,120.22,4.07,488.80,489.10,-17.10,1.00,-2.00,60.00,   Error ,NAN,NAN,NAN,NAN,NAN,NAN,120.20,3.98,477.90,478.30,-17.90,1.00,-2.14,60.00,   Error 
517,  2022/04/15,14:22:34,169.00,120.21,4.05,486.00,486.30,-16.30,1.00,-1.92,60.00,   Error ,NAN,NAN,NAN,NAN,NAN,NAN,120.22,3.98,478.20,478.70,-21.20,1.00,-2.54,60.00,   Error 
518,  2022/04/15,14:22:34,668.00,120.23,4.04,485.60,485.90,-16.50,1.00,-1.95,60.00,   Error ,NAN,NAN,NAN,NAN,NAN,NAN,120.20,3.97,476.90,477.50,-22.30,1.00,-2.68,60.00,   Error 
519,  2022/04/15,14:22:35,167.00,120.22,4.05,486.50,486.70,-16.40,1.00,-1.93,60.00,   Error ,NAN,NAN,NAN,NAN,NAN,NAN,120.16,3.99,478.40,478.90,-21.60,1.00,-2.58,60.00,   Error 
520,  2022/04/15,14:22:35,667.00,120.23,4.05,486.40,486.70,-16.10,1.00,-1.90,60.00,   Error ,NAN,NAN,NAN,NAN,NAN,NAN,120.19,3.99,479.10,479.60,-21.70,1.00,-2.60,60.00,   Error 
521,  2022/04/15,14:22:36,168.00,120.20,4.05,486.50,486.70,-14.10,1.00,-1.67,60.00,   Error ,NAN,NAN,NAN,NAN,NAN,NAN,120.17,3.98,477.40,477.80,-20.70,1.00,-2.48,60.00,   Error 
522,  2022/04/15,14:22:36,667.00,120.23,4.04,485.90,486.20,-17.20,1.00,-2.03,60.00,   Error ,NAN,NAN,NAN,NAN,NAN,NAN,120.20,3.97,476.70,477.10,-21.10,1.00,-2.53,60.00,   Error 
523,  2022/04/15,14:22:37,168.00,120.21,4.02,483.50,483.80,-15.40,1.00,-1.82,60.00,   Error ,NAN,NAN,NAN,NAN,NAN,NAN,120.16,3.98,478.10,478.50,-20.40,1.00,-2.45,60.00,   Error 
524,  2022/04/15,14:22:37,668.00,120.24,4.05,486.10,486.30,-16.40,1.00,-1.94,60.00,   Error ,NAN,NAN,NAN,NAN,NAN,NAN,120.19,3.97,476.10,476.50,-19.80,1.00,-2.38,60.00,   Error 
525,  2022/04/15,14:22:38,168.00,120.20,4.04,485.70,485.90,-15.20,1.00,-1.79,60.00,   Error ,NAN,NAN,NAN,NAN,NAN,NAN,120.19,3.99,478.80,479.20,-19.80,1.00,-2.37,60.00,   Error 
526,  2022/04/15,14:22:38,668.00,120.22,4.06,487.30,487.60,-15.40,1.00,-1.81,60.00,   Error ,NAN,NAN,NAN,NAN,NAN,NAN,120.18,3.99,479.10,479.60,-21.10,1.00,-2.52,60.00,   Error 
527,  2022/04/15,14:22:39,168.00,120.22,4.06,487.50,487.80,-16.80,1.00,-1.97,60.00,   Error ,NAN,NAN,NAN,NAN,NAN,NAN,120.22,3.98,478.10,478.50,-19.70,1.00,-2.35,60.00,   Error 
528,  2022/04/15,14:22:39,668.00,120.21,4.05,486.20,486.50,-15.40,1.00,-1.82,60.00,   Error ,NAN,NAN,NAN,NAN,NAN,NAN,120.23,3.98,478.10,478.50,-19.00,1.00,-2.27,60.00,   Error 
529,  2022/04/15,14:22:40,168.00,120.23,4.04,485.60,485.80,-13.30,1.00,-1.57,60.00,   Error ,NAN,NAN,NAN,NAN,NAN,NAN,120.16,3.98,477.70,478.10,-19.50,1.00,-2.34,60.00,   Error 
530,  2022/04/15,14:22:40,667.00,120.25,4.05,487.20,487.40,-15.90,1.00,-1.87,60.00,   Error ,NAN,NAN,NAN,NAN,NAN,NAN,120.21,3.97,476.80,477.20,-20.10,1.00,-2.41,60.00,   Error 
531,  2022/04/15,14:22:41,168.00,120.23,4.05,487.20,487.40,-16.10,1.00,-1.89,60.00,   Error ,NAN,NAN,NAN,NAN,NAN,NAN,120.15,3.98,478.00,478.40,-19.20,1.00,-2.30,60.00,   Error 
532,  2022/04/15,14:22:41,668.00,120.20,4.04,485.40,485.70,-16.30,1.00,-1.92,60.00,   Error ,NAN,NAN,NAN,NAN,NAN,NAN,120.18,3.99,479.10,479.50,-19.70,1.00,-2.36,60.00,   Error 
533,  2022/04/15,14:22:42,168.00,120.22,4.06,487.30,487.50,-15.80,1.00,-1.85,60.00,   Error ,NAN,NAN,NAN,NAN,NAN,NAN,120.17,3.98,477.90,478.30,-20.70,1.00,-2.48,60.00,   Error 
534,  2022/04/15,14:22:42,668.00,120.21,4.04,485.30,485.50,-14.60,1.00,-1.72,60.00,   Error ,NAN,NAN,NAN,NAN,NAN,NAN,120.16,3.98,477.50,478.00,-20.90,1.00,-2.51,60.00,   Error 
535,  2022/04/15,14:22:43,167.00,120.22,4.04,485.90,486.20,-15.90,1.00,-1.88,60.00,   Error ,NAN,NAN,NAN,NAN,NAN,NAN,120.17,3.98,477.20,477.60,-21.10,1.00,-2.53,60.00,   Error 
536,  2022/04/15,14:22:43,669.00,120.22,4.04,485.30,485.60,-16.50,1.00,-1.95,60.00,   Error ,NAN,NAN,NAN,NAN,NAN,NAN,120.23,3.98,478.20,478.70,-20.60,1.00,-2.47,60.00,   Error 
537,  2022/04/15,14:22:44,168.00,120.24,4.04,485.30,485.60,-15.90,1.00,-1.88,60.00,   Error ,NAN,NAN,NAN,NAN,NAN,NAN,120.22,3.99,479.50,479.90,-20.10,1.00,-2.40,60.00,   Error 
538,  2022/04/15,14:22:44,667.00,120.23,4.03,484.80,485.00,-14.90,1.00,-1.77,60.00,   Error ,NAN,NAN,NAN,NAN,NAN,NAN,120.16,3.98,477.20,477.60,-20.20,1.00,-2.42,60.00,   Error 
539,  2022/04/15,14:22:45,167.00,120.24,4.04,485.20,485.40,-15.20,1.00,-1.79,60.00,   Error ,NAN,NAN,NAN,NAN,NAN,NAN,120.19,3.95,474.30,474.70,-20.30,1.00,-2.45,60.00,   Error 
540,  2022/04/15,14:22:45,668.00,120.21,4.03,484.40,484.70,-14.40,1.00,-1.70,60.00,   Error ,NAN,NAN,NAN,NAN,NAN,NAN,120.17,3.98,478.30,478.70,-20.10,1.00,-2.40,60.00,   Error 
541,  2022/04/15,14:22:46,168.00,120.23,4.03,484.20,484.50,-16.30,1.00,-1.93,60.00,   Error ,NAN,NAN,NAN,NAN,NAN,NAN,120.22,3.97,476.60,477.00,-20.30,1.00,-2.44,60.00,   Error 
542,  2022/04/15,14:22:46,668.00,120.22,4.06,487.60,488.00,-17.70,1.00,-2.08,60.00,   Error ,NAN,NAN,NAN,NAN,NAN,NAN,120.16,3.98,477.30,477.80,-20.20,1.00,-2.42,60.00,   Error 
543,  2022/04/15,14:22:47,169.00,120.24,4.04,485.60,485.90,-17.70,1.00,-2.09,60.00,   Error ,NAN,NAN,NAN,NAN,NAN,NAN,120.18,3.97,477.10,477.50,-20.40,1.00,-2.44,60.00,   Error 
544,  2022/04/15,14:22:47,667.00,120.21,4.05,486.90,487.20,-15.60,1.00,-1.84,60.00,   Error ,NAN,NAN,NAN,NAN,NAN,NAN,120.18,3.98,478.30,478.80,-20.40,1.00,-2.44,60.00,   Error 
545,  2022/04/15,14:22:48,167.00,120.23,4.05,486.70,486.90,-15.80,1.00,-1.86,60.00,   Error ,NAN,NAN,NAN,NAN,NAN,NAN,120.16,3.97,477.10,477.60,-21.20,1.00,-2.54,60.00,   Error 
546,  2022/04/15,14:22:48,668.00,120.20,4.05,486.40,486.70,-16.10,1.00,-1.90,60.00,   Error ,NAN,NAN,NAN,NAN,NAN,NAN,120.23,3.97,477.00,477.50,-21.10,1.00,-2.53,60.00,   Error 
547,  2022/04/15,14:22:49,168.00,120.21,4.05,486.70,486.90,-15.50,1.00,-1.82,60.00,   Error ,NAN,NAN,NAN,NAN,NAN,NAN,120.23,3.97,477.10,477.50,-19.80,1.00,-2.37,60.00,   Error 
548,  2022/04/15,14:22:49,667.00,120.24,4.05,486.30,486.50,-15.80,1.00,-1.87,60.00,   Error ,NAN,NAN,NAN,NAN,NAN,NAN,120.21,3.99,479.00,479.50,-21.10,1.00,-2.53,60.00,   Error 
549,  2022/04/15,14:22:50,169.00,120.22,4.06,487.90,488.10,-15.30,1.00,-1.80,60.00,   Error ,NAN,NAN,NAN,NAN,NAN,NAN,120.14,3.96,475.40,475.90,-21.50,1.00,-2.59,60.00,   Error 
550,  2022/04/15,14:22:50,668.00,120.22,4.06,487.40,487.60,-16.20,1.00,-1.90,60.00,   Error ,NAN,NAN,NAN,NAN,NAN,NAN,120.21,3.98,478.30,478.60,-19.00,1.00,-2.27,60.00,   Error 
551,  2022/04/15,14:22:51,168.00,120.24,4.05,486.10,486.30,-15.70,1.00,-1.85,60.00,   Error ,NAN,NAN,NAN,NAN,NAN,NAN,120.18,3.98,477.80,478.30,-22.00,1.00,-2.63,60.00,   Error 
552,  2022/04/15,14:22:51,667.00,120.21,4.05,486.40,486.60,-14.30,1.00,-1.68,60.00,   Error ,NAN,NAN,NAN,NAN,NAN,NAN,120.18,3.98,478.10,478.50,-18.90,1.00,-2.26,60.00,   Error 
553,  2022/04/15,14:22:52,169.00,120.21,4.04,485.70,486.00,-16.60,1.00,-1.96,60.00,   Error ,NAN,NAN,NAN,NAN,NAN,NAN,120.22,3.97,477.40,477.80,-19.40,1.00,-2.33,60.00,   Error 
554,  2022/04/15,14:22:52,667.00,120.25,4.04,485.50,485.80,-16.80,1.00,-1.99,60.00,   Error ,NAN,NAN,NAN,NAN,NAN,NAN,120.21,3.96,476.10,476.50,-20.90,1.00,-2.51,60.00,   Error 
555,  2022/04/15,14:22:53,168.00,120.23,4.04,485.50,485.80,-16.60,1.00,-1.96,60.00,   Error ,NAN,NAN,NAN,NAN,NAN,NAN,120.15,3.98,477.60,478.00,-19.70,1.00,-2.36,60.00,   Error 
556,  2022/04/15,14:22:53,669.00,120.24,4.04,486.00,486.20,-16.60,1.00,-1.96,60.00,   Error ,NAN,NAN,NAN,NAN,NAN,NAN,120.15,3.98,477.50,477.90,-20.40,1.00,-2.45,60.00,   Error 
557,  2022/04/15,14:22:54,168.00,120.22,4.06,487.20,487.50,-16.00,1.00,-1.88,60.00,   Error ,NAN,NAN,NAN,NAN,NAN,NAN,120.17,3.99,478.60,479.10,-21.00,1.00,-2.52,60.00,   Error 
558,  2022/04/15,14:22:54,668.00,120.24,4.06,488.20,488.50,-16.60,1.00,-1.95,60.00,   Error ,NAN,NAN,NAN,NAN,NAN,NAN,120.19,3.99,479.00,479.50,-20.30,1.00,-2.43,60.00,   Error 
559,  2022/04/15,14:22:55,181.00,120.22,4.04,485.60,485.80,-15.20,1.00,-1.80,60.00,   Error ,NAN,NAN,NAN,NAN,NAN,NAN,120.17,3.98,478.00,478.40,-19.70,1.00,-2.36,60.00,   Error 
560,  2022/04/15,14:22:55,668.00,120.24,4.05,486.30,486.60,-17.10,1.00,-2.01,60.00,   Error ,NAN,NAN,NAN,NAN,NAN,NAN,120.21,3.98,478.50,478.80,-18.70,1.00,-2.24,60.00,   Error 
561,  2022/04/15,14:22:56,167.00,120.23,4.04,485.30,485.60,-14.60,1.00,-1.72,60.00,   Error ,NAN,NAN,NAN,NAN,NAN,NAN,120.17,3.98,478.00,478.40,-20.00,1.00,-2.40,60.00,   Error 
562,  2022/04/15,14:22:56,668.00,120.24,4.05,486.40,486.70,-14.70,1.00,-1.73,60.00,   Error ,NAN,NAN,NAN,NAN,NAN,NAN,120.20,3.97,476.30,476.70,-20.40,1.00,-2.46,60.00,   Error 
